date,store_nbr,family,sales,onpromotion
2013-01-01,1,EGGS,0.0,0
2013-01-02,1,EGGS,246.0,0
2013-01-03,1,EGGS,203.0,0
2013-01-04,1,EGGS,171.0,0
2013-01-05,1,EGGS,177.0,0
2013-01-06,1,EGGS,85.0,0
2013-01-07,1,EGGS,157.0,0
2013-01-08,1,EGGS,150.0,0
2013-01-09,1,EGGS,171.0,0
2013-01-10,1,EGGS,117.0,0
2013-01-11,1,EGGS,148.0,0
2013-01-12,1,EGGS,166.0,0
2013-01-13,1,EGGS,98.0,0
2013-01-14,1,EGGS,143.0,0
2013-01-15,1,EGGS,136.0,0
2013-01-16,1,EGGS,207.0,0
2013-01-17,1,EGGS,132.0,0
2013-01-18,1,EGGS,170.0,0
2013-01-19,1,EGGS,175.0,0
2013-01-20,1,EGGS,80.0,0
2013-01-21,1,EGGS,174.0,0
2013-01-22,1,EGGS,140.0,0
2013-01-23,1,EGGS,203.0,0
2013-01-24,1,EGGS,113.0,0
2013-01-25,1,EGGS,148.0,0
2013-01-26,1,EGGS,175.0,0
2013-01-27,1,EGGS,77.0,0
2013-01-28,1,EGGS,166.0,0
2013-01-29,1,EGGS,150.0,0
2013-01-30,1,EGGS,174.0,0
2013-01-31,1,EGGS,121.0,0
2013-02-01,1,EGGS,172.0,0
2013-02-02,1,EGGS,193.0,0
2013-02-03,1,EGGS,84.0,0
2013-02-04,1,EGGS,153.0,0
2013-02-05,1,EGGS,149.0,0
2013-02-06,1,EGGS,197.0,0
2013-02-07,1,EGGS,109.0,0
2013-02-08,1,EGGS,165.0,0
2013-02-09,1,EGGS,147.0,0
2013-02-10,1,EGGS,37.0,0
2013-02-11,1,EGGS,46.0,0
2013-02-12,1,EGGS,74.0,0
2013-02-13,1,EGGS,194.0,0
2013-02-14,1,EGGS,135.0,0
2013-02-15,1,EGGS,192.0,0
2013-02-16,1,EGGS,184.0,0
2013-02-17,1,EGGS,66.0,0
2013-02-18,1,EGGS,147.0,0
2013-02-19,1,EGGS,133.0,0
2013-02-20,1,EGGS,185.0,0
2013-02-21,1,EGGS,135.0,0
2013-02-22,1,EGGS,173.0,0
2013-02-23,1,EGGS,144.0,0
2013-02-24,1,EGGS,79.0,0
2013-02-25,1,EGGS,165.0,0
2013-02-26,1,EGGS,131.0,0
2013-02-27,1,EGGS,168.0,0
2013-02-28,1,EGGS,129.0,0
2013-03-01,1,EGGS,173.0,0
2013-03-02,1,EGGS,187.0,0
2013-03-03,1,EGGS,86.0,0
2013-03-04,1,EGGS,152.0,0
2013-03-05,1,EGGS,133.0,0
2013-03-06,1,EGGS,207.0,0
2013-03-07,1,EGGS,132.0,0
2013-03-08,1,EGGS,152.0,0
2013-03-09,1,EGGS,175.0,0
2013-03-10,1,EGGS,78.0,0
2013-03-11,1,EGGS,150.0,0
2013-03-12,1,EGGS,155.0,0
2013-03-13,1,EGGS,161.0,0
2013-03-14,1,EGGS,109.0,0
2013-03-15,1,EGGS,146.0,0
2013-03-16,1,EGGS,190.0,0
2013-03-17,1,EGGS,94.0,0
2013-03-18,1,EGGS,167.0,0
2013-03-19,1,EGGS,166.0,0
2013-03-20,1,EGGS,196.0,0
2013-03-21,1,EGGS,176.0,0
2013-03-22,1,EGGS,169.0,0
2013-03-23,1,EGGS,172.0,0
2013-03-24,1,EGGS,78.0,0
2013-03-25,1,EGGS,176.0,0
2013-03-26,1,EGGS,161.0,0
2013-03-27,1,EGGS,171.0,0
2013-03-28,1,EGGS,172.0,0
2013-03-29,1,EGGS,60.0,0
2013-03-30,1,EGGS,137.0,0
2013-03-31,1,EGGS,67.0,0
2013-04-01,1,EGGS,192.0,0
2013-04-02,1,EGGS,156.0,0
2013-04-03,1,EGGS,228.0,0
2013-04-04,1,EGGS,142.0,0
2013-04-05,1,EGGS,158.0,0
2013-04-06,1,EGGS,165.0,0
2013-04-07,1,EGGS,94.0,0
2013-04-08,1,EGGS,161.0,0
2013-04-09,1,EGGS,128.0,0
2013-04-10,1,EGGS,190.0,0
2013-04-11,1,EGGS,124.0,0
2013-04-12,1,EGGS,164.0,0
2013-04-13,1,EGGS,164.0,0
2013-04-14,1,EGGS,86.0,0
2013-04-15,1,EGGS,166.0,0
2013-04-16,1,EGGS,152.0,0
2013-04-17,1,EGGS,188.0,0
2013-04-18,1,EGGS,124.0,0
2013-04-19,1,EGGS,139.0,0
2013-04-20,1,EGGS,186.0,0
2013-04-21,1,EGGS,92.0,0
2013-04-22,1,EGGS,171.0,0
2013-04-23,1,EGGS,139.0,0
2013-04-24,1,EGGS,203.0,0
2013-04-25,1,EGGS,114.0,0
2013-04-26,1,EGGS,167.0,0
2013-04-27,1,EGGS,178.0,0
2013-04-28,1,EGGS,83.0,0
2013-04-29,1,EGGS,139.0,0
2013-04-30,1,EGGS,152.0,0
2013-05-01,1,EGGS,87.0,0
2013-05-02,1,EGGS,148.0,0
2013-05-03,1,EGGS,198.0,0
2013-05-04,1,EGGS,173.0,0
2013-05-05,1,EGGS,91.0,0
2013-05-06,1,EGGS,162.0,0
2013-05-07,1,EGGS,167.0,0
2013-05-08,1,EGGS,179.0,0
2013-05-09,1,EGGS,123.0,0
2013-05-10,1,EGGS,146.0,0
2013-05-11,1,EGGS,187.0,0
2013-05-12,1,EGGS,66.0,0
2013-05-13,1,EGGS,159.0,0
2013-05-14,1,EGGS,162.0,0
2013-05-15,1,EGGS,179.0,0
2013-05-16,1,EGGS,154.0,0
2013-05-17,1,EGGS,157.0,0
2013-05-18,1,EGGS,177.0,0
2013-05-19,1,EGGS,71.0,0
2013-05-20,1,EGGS,157.0,0
2013-05-21,1,EGGS,143.0,0
2013-05-22,1,EGGS,180.0,0
2013-05-23,1,EGGS,134.0,0
2013-05-24,1,EGGS,54.0,0
2013-05-25,1,EGGS,133.0,0
2013-05-26,1,EGGS,55.0,0
2013-05-27,1,EGGS,156.0,0
2013-05-28,1,EGGS,175.0,0
2013-05-29,1,EGGS,197.0,0
2013-05-30,1,EGGS,129.0,0
2013-05-31,1,EGGS,167.0,0
2013-06-01,1,EGGS,210.0,0
2013-06-02,1,EGGS,52.0,0
2013-06-03,1,EGGS,164.0,0
2013-06-04,1,EGGS,144.0,0
2013-06-05,1,EGGS,213.0,0
2013-06-06,1,EGGS,133.0,0
2013-06-07,1,EGGS,158.0,0
2013-06-08,1,EGGS,174.0,0
2013-06-09,1,EGGS,93.0,0
2013-06-10,1,EGGS,152.0,0
2013-06-11,1,EGGS,146.0,0
2013-06-12,1,EGGS,166.0,0
2013-06-13,1,EGGS,100.0,0
2013-06-14,1,EGGS,162.0,0
2013-06-15,1,EGGS,197.0,0
2013-06-16,1,EGGS,67.0,0
2013-06-17,1,EGGS,161.0,0
2013-06-18,1,EGGS,138.0,0
2013-06-19,1,EGGS,181.0,0
2013-06-20,1,EGGS,134.0,0
2013-06-21,1,EGGS,134.0,0
2013-06-22,1,EGGS,168.0,0
2013-06-23,1,EGGS,76.0,0
2013-06-24,1,EGGS,157.0,0
2013-06-25,1,EGGS,166.0,0
2013-06-26,1,EGGS,172.0,0
2013-06-27,1,EGGS,118.0,0
2013-06-28,1,EGGS,142.0,0
2013-06-29,1,EGGS,170.0,0
2013-06-30,1,EGGS,81.0,0
2013-07-01,1,EGGS,174.0,0
2013-07-02,1,EGGS,154.0,0
2013-07-03,1,EGGS,193.0,0
2013-07-04,1,EGGS,140.0,0
2013-07-05,1,EGGS,161.0,0
2013-07-06,1,EGGS,176.0,0
2013-07-07,1,EGGS,83.0,0
2013-07-08,1,EGGS,158.0,0
2013-07-09,1,EGGS,165.0,0
2013-07-10,1,EGGS,174.0,0
2013-07-11,1,EGGS,113.0,0
2013-07-12,1,EGGS,162.0,0
2013-07-13,1,EGGS,165.0,0
2013-07-14,1,EGGS,67.0,0
2013-07-15,1,EGGS,161.0,0
2013-07-16,1,EGGS,141.0,0
2013-07-17,1,EGGS,176.0,0
2013-07-18,1,EGGS,121.0,0
2013-07-19,1,EGGS,172.0,0
2013-07-20,1,EGGS,162.0,0
2013-07-21,1,EGGS,59.0,0
2013-07-22,1,EGGS,158.0,0
2013-07-23,1,EGGS,173.0,0
2013-07-24,1,EGGS,161.0,0
2013-07-25,1,EGGS,126.0,0
2013-07-26,1,EGGS,137.0,0
2013-07-27,1,EGGS,145.0,0
2013-07-28,1,EGGS,52.0,0
2013-07-29,1,EGGS,183.0,0
2013-07-30,1,EGGS,131.0,0
2013-07-31,1,EGGS,157.0,0
2013-08-01,1,EGGS,126.0,0
2013-08-02,1,EGGS,123.0,0
2013-08-03,1,EGGS,172.0,0
2013-08-04,1,EGGS,59.0,0
2013-08-05,1,EGGS,144.0,0
2013-08-06,1,EGGS,138.0,0
2013-08-07,1,EGGS,180.0,0
2013-08-08,1,EGGS,112.0,0
2013-08-09,1,EGGS,145.0,0
2013-08-10,1,EGGS,106.0,0
2013-08-11,1,EGGS,50.0,0
2013-08-12,1,EGGS,152.0,0
2013-08-13,1,EGGS,127.0,0
2013-08-14,1,EGGS,154.0,0
2013-08-15,1,EGGS,112.0,0
2013-08-16,1,EGGS,140.0,0
2013-08-17,1,EGGS,128.0,0
2013-08-18,1,EGGS,61.0,0
2013-08-19,1,EGGS,132.0,0
2013-08-20,1,EGGS,122.0,0
2013-08-21,1,EGGS,148.0,0
2013-08-22,1,EGGS,109.0,0
2013-08-23,1,EGGS,157.0,0
2013-08-24,1,EGGS,157.0,0
2013-08-25,1,EGGS,83.0,0
2013-08-26,1,EGGS,172.0,0
2013-08-27,1,EGGS,126.0,0
2013-08-28,1,EGGS,155.0,0
2013-08-29,1,EGGS,98.0,0
2013-08-30,1,EGGS,163.0,0
2013-08-31,1,EGGS,141.0,0
2013-09-01,1,EGGS,74.0,0
2013-09-02,1,EGGS,154.0,0
2013-09-03,1,EGGS,147.0,0
2013-09-04,1,EGGS,190.0,0
2013-09-05,1,EGGS,120.0,0
2013-09-06,1,EGGS,143.0,0
2013-09-07,1,EGGS,154.0,0
2013-09-08,1,EGGS,68.0,0
2013-09-09,1,EGGS,151.0,0
2013-09-10,1,EGGS,127.0,0
2013-09-11,1,EGGS,158.0,0
2013-09-12,1,EGGS,127.0,0
2013-09-13,1,EGGS,104.0,0
2013-09-14,1,EGGS,162.0,0
2013-09-15,1,EGGS,84.0,0
2013-09-16,1,EGGS,155.0,0
2013-09-17,1,EGGS,140.0,0
2013-09-18,1,EGGS,152.0,0
2013-09-19,1,EGGS,108.0,0
2013-09-20,1,EGGS,136.0,0
2013-09-21,1,EGGS,182.0,0
2013-09-22,1,EGGS,76.0,0
2013-09-23,1,EGGS,165.0,0
2013-09-24,1,EGGS,139.0,0
2013-09-25,1,EGGS,163.0,0
2013-09-26,1,EGGS,105.0,0
2013-09-27,1,EGGS,130.0,0
2013-09-28,1,EGGS,156.0,0
2013-09-29,1,EGGS,83.0,0
2013-09-30,1,EGGS,136.0,0
2013-10-01,1,EGGS,180.0,0
2013-10-02,1,EGGS,174.0,0
2013-10-03,1,EGGS,133.0,0
2013-10-04,1,EGGS,162.0,0
2013-10-05,1,EGGS,174.0,0
2013-10-06,1,EGGS,82.0,0
2013-10-07,1,EGGS,154.0,0
2013-10-08,1,EGGS,139.0,0
2013-10-09,1,EGGS,165.0,0
2013-10-10,1,EGGS,129.0,0
2013-10-11,1,EGGS,91.0,0
2013-10-12,1,EGGS,149.0,0
2013-10-13,1,EGGS,77.0,0
2013-10-14,1,EGGS,144.0,0
2013-10-15,1,EGGS,132.0,0
2013-10-16,1,EGGS,156.0,0
2013-10-17,1,EGGS,151.0,0
2013-10-18,1,EGGS,136.0,0
2013-10-19,1,EGGS,174.0,0
2013-10-20,1,EGGS,81.0,0
2013-10-21,1,EGGS,176.0,0
2013-10-22,1,EGGS,145.0,0
2013-10-23,1,EGGS,172.0,0
2013-10-24,1,EGGS,116.0,0
2013-10-25,1,EGGS,160.0,0
2013-10-26,1,EGGS,160.0,0
2013-10-27,1,EGGS,106.0,0
2013-10-28,1,EGGS,149.0,0
2013-10-29,1,EGGS,140.0,0
2013-10-30,1,EGGS,178.0,0
2013-10-31,1,EGGS,131.0,0
2013-11-01,1,EGGS,165.0,0
2013-11-02,1,EGGS,138.0,0
2013-11-03,1,EGGS,92.0,0
2013-11-04,1,EGGS,157.0,0
2013-11-05,1,EGGS,156.0,0
2013-11-06,1,EGGS,162.0,0
2013-11-07,1,EGGS,129.0,0
2013-11-08,1,EGGS,153.0,0
2013-11-09,1,EGGS,135.0,0
2013-11-10,1,EGGS,93.0,0
2013-11-11,1,EGGS,155.0,0
2013-11-12,1,EGGS,110.0,0
2013-11-13,1,EGGS,162.0,0
2013-11-14,1,EGGS,115.0,0
2013-11-15,1,EGGS,154.0,0
2013-11-16,1,EGGS,170.0,0
2013-11-17,1,EGGS,84.0,0
2013-11-18,1,EGGS,169.0,0
2013-11-19,1,EGGS,136.0,0
2013-11-20,1,EGGS,153.0,0
2013-11-21,1,EGGS,138.0,0
2013-11-22,1,EGGS,139.0,0
2013-11-23,1,EGGS,170.0,0
2013-11-24,1,EGGS,70.0,0
2013-11-25,1,EGGS,168.0,0
2013-11-26,1,EGGS,124.0,0
2013-11-27,1,EGGS,170.0,0
2013-11-28,1,EGGS,119.0,0
2013-11-29,1,EGGS,157.0,0
2013-11-30,1,EGGS,156.0,0
2013-12-01,1,EGGS,88.0,0
2013-12-02,1,EGGS,149.0,0
2013-12-03,1,EGGS,154.0,0
2013-12-04,1,EGGS,153.0,0
2013-12-05,1,EGGS,101.0,0
2013-12-06,1,EGGS,45.0,0
2013-12-07,1,EGGS,153.0,0
2013-12-08,1,EGGS,66.0,0
2013-12-09,1,EGGS,163.0,0
2013-12-10,1,EGGS,180.0,0
2013-12-11,1,EGGS,172.0,0
2013-12-12,1,EGGS,134.0,0
2013-12-13,1,EGGS,166.0,0
2013-12-14,1,EGGS,152.0,0
2013-12-15,1,EGGS,72.0,0
2013-12-16,1,EGGS,159.0,0
2013-12-17,1,EGGS,143.0,0
2013-12-18,1,EGGS,168.0,0
2013-12-19,1,EGGS,128.0,0
2013-12-20,1,EGGS,157.0,0
2013-12-21,1,EGGS,192.0,0
2013-12-22,1,EGGS,152.0,0
2013-12-23,1,EGGS,191.0,0
2013-12-24,1,EGGS,153.0,0
2013-12-26,1,EGGS,133.0,0
2013-12-27,1,EGGS,125.0,0
2013-12-28,1,EGGS,106.0,0
2013-12-29,1,EGGS,46.0,0
2013-12-30,1,EGGS,130.0,0
2013-12-31,1,EGGS,83.0,0
2014-01-01,1,EGGS,0.0,0
2014-01-02,1,EGGS,195.0,0
2014-01-03,1,EGGS,191.0,0
2014-01-04,1,EGGS,191.0,0
2014-01-05,1,EGGS,90.0,0
2014-01-06,1,EGGS,199.0,0
2014-01-07,1,EGGS,133.0,0
2014-01-08,1,EGGS,207.0,0
2014-01-09,1,EGGS,138.0,0
2014-01-10,1,EGGS,169.0,0
2014-01-11,1,EGGS,190.0,0
2014-01-12,1,EGGS,85.0,0
2014-01-13,1,EGGS,184.0,0
2014-01-14,1,EGGS,169.0,0
2014-01-15,1,EGGS,153.0,0
2014-01-16,1,EGGS,127.0,0
2014-01-17,1,EGGS,174.0,0
2014-01-18,1,EGGS,184.0,0
2014-01-19,1,EGGS,97.0,0
2014-01-20,1,EGGS,170.0,0
2014-01-21,1,EGGS,159.0,0
2014-01-22,1,EGGS,183.0,0
2014-01-23,1,EGGS,145.0,0
2014-01-24,1,EGGS,172.0,0
2014-01-25,1,EGGS,191.0,0
2014-01-26,1,EGGS,97.0,0
2014-01-27,1,EGGS,159.0,0
2014-01-28,1,EGGS,131.0,0
2014-01-29,1,EGGS,189.0,0
2014-01-30,1,EGGS,139.0,0
2014-01-31,1,EGGS,164.0,0
2014-02-01,1,EGGS,177.0,0
2014-02-02,1,EGGS,66.0,0
2014-02-03,1,EGGS,145.0,0
2014-02-04,1,EGGS,143.0,0
2014-02-05,1,EGGS,191.0,0
2014-02-06,1,EGGS,123.0,0
2014-02-07,1,EGGS,167.0,0
2014-02-08,1,EGGS,168.0,0
2014-02-09,1,EGGS,97.0,0
2014-02-10,1,EGGS,163.0,0
2014-02-11,1,EGGS,144.0,0
2014-02-12,1,EGGS,207.0,0
2014-02-13,1,EGGS,123.0,0
2014-02-14,1,EGGS,135.0,0
2014-02-15,1,EGGS,178.0,0
2014-02-16,1,EGGS,90.0,0
2014-02-17,1,EGGS,151.0,0
2014-02-18,1,EGGS,155.0,0
2014-02-19,1,EGGS,162.0,0
2014-02-20,1,EGGS,138.0,0
2014-02-21,1,EGGS,155.0,0
2014-02-22,1,EGGS,201.0,0
2014-02-23,1,EGGS,73.0,0
2014-02-24,1,EGGS,159.0,0
2014-02-25,1,EGGS,160.0,0
2014-02-26,1,EGGS,151.0,0
2014-02-27,1,EGGS,117.0,0
2014-02-28,1,EGGS,168.0,0
2014-03-01,1,EGGS,159.0,0
2014-03-02,1,EGGS,48.0,0
2014-03-03,1,EGGS,53.0,0
2014-03-04,1,EGGS,89.0,0
2014-03-05,1,EGGS,236.0,0
2014-03-06,1,EGGS,157.0,0
2014-03-07,1,EGGS,170.0,0
2014-03-08,1,EGGS,178.0,0
2014-03-09,1,EGGS,70.0,0
2014-03-10,1,EGGS,163.0,0
2014-03-11,1,EGGS,172.0,0
2014-03-12,1,EGGS,218.0,0
2014-03-13,1,EGGS,143.0,0
2014-03-14,1,EGGS,157.0,0
2014-03-15,1,EGGS,157.0,0
2014-03-16,1,EGGS,94.0,0
2014-03-17,1,EGGS,191.0,0
2014-03-18,1,EGGS,151.0,0
2014-03-19,1,EGGS,167.0,0
2014-03-20,1,EGGS,145.0,0
2014-03-21,1,EGGS,175.0,0
2014-03-22,1,EGGS,183.0,0
2014-03-23,1,EGGS,97.0,0
2014-03-24,1,EGGS,167.0,0
2014-03-25,1,EGGS,167.0,0
2014-03-26,1,EGGS,176.0,0
2014-03-27,1,EGGS,123.0,0
2014-03-28,1,EGGS,168.0,0
2014-03-29,1,EGGS,188.0,0
2014-03-30,1,EGGS,92.0,0
2014-03-31,1,EGGS,159.0,0
2014-04-01,1,EGGS,188.0,0
2014-04-02,1,EGGS,198.0,0
2014-04-03,1,EGGS,105.0,0
2014-04-04,1,EGGS,160.0,0
2014-04-05,1,EGGS,179.0,0
2014-04-06,1,EGGS,94.0,0
2014-04-07,1,EGGS,184.0,0
2014-04-08,1,EGGS,138.0,0
2014-04-09,1,EGGS,183.0,0
2014-04-10,1,EGGS,132.0,0
2014-04-11,1,EGGS,145.0,0
2014-04-12,1,EGGS,205.0,0
2014-04-13,1,EGGS,71.0,0
2014-04-14,1,EGGS,165.0,0
2014-04-15,1,EGGS,152.0,0
2014-04-16,1,EGGS,191.0,0
2014-04-17,1,EGGS,145.0,0
2014-04-18,1,EGGS,81.0,0
2014-04-19,1,EGGS,114.0,0
2014-04-20,1,EGGS,63.0,0
2014-04-21,1,EGGS,150.0,0
2014-04-22,1,EGGS,131.0,0
2014-04-23,1,EGGS,177.0,0
2014-04-24,1,EGGS,152.0,0
2014-04-25,1,EGGS,149.0,0
2014-04-26,1,EGGS,175.0,0
2014-04-27,1,EGGS,85.0,0
2014-04-28,1,EGGS,163.0,0
2014-04-29,1,EGGS,157.0,0
2014-04-30,1,EGGS,178.0,0
2014-05-01,1,EGGS,59.0,0
2014-05-02,1,EGGS,188.0,0
2014-05-03,1,EGGS,204.0,0
2014-05-04,1,EGGS,64.0,0
2014-05-05,1,EGGS,96.0,0
2014-05-06,1,EGGS,159.0,0
2014-05-07,1,EGGS,183.0,0
2014-05-08,1,EGGS,132.0,0
2014-05-09,1,EGGS,182.0,0
2014-05-10,1,EGGS,201.0,0
2014-05-11,1,EGGS,60.0,0
2014-05-12,1,EGGS,161.0,0
2014-05-13,1,EGGS,163.0,0
2014-05-14,1,EGGS,171.0,0
2014-05-15,1,EGGS,139.0,0
2014-05-16,1,EGGS,158.0,0
2014-05-17,1,EGGS,169.0,0
2014-05-18,1,EGGS,77.0,0
2014-05-19,1,EGGS,165.0,0
2014-05-20,1,EGGS,139.0,0
2014-05-21,1,EGGS,151.0,0
2014-05-22,1,EGGS,121.0,0
2014-05-23,1,EGGS,142.0,0
2014-05-24,1,EGGS,175.0,0
2014-05-25,1,EGGS,76.0,0
2014-05-26,1,EGGS,171.0,0
2014-05-27,1,EGGS,119.0,0
2014-05-28,1,EGGS,182.0,0
2014-05-29,1,EGGS,94.0,0
2014-05-30,1,EGGS,177.0,0
2014-05-31,1,EGGS,173.0,0
2014-06-01,1,EGGS,91.0,0
2014-06-02,1,EGGS,169.0,0
2014-06-03,1,EGGS,159.0,0
2014-06-04,1,EGGS,174.0,0
2014-06-05,1,EGGS,135.0,0
2014-06-06,1,EGGS,166.0,0
2014-06-07,1,EGGS,152.0,0
2014-06-08,1,EGGS,56.0,0
2014-06-09,1,EGGS,150.0,0
2014-06-10,1,EGGS,110.0,0
2014-06-11,1,EGGS,191.0,0
2014-06-12,1,EGGS,106.0,0
2014-06-13,1,EGGS,179.0,0
2014-06-14,1,EGGS,197.0,0
2014-06-15,1,EGGS,56.0,0
2014-06-16,1,EGGS,180.0,0
2014-06-17,1,EGGS,166.0,0
2014-06-18,1,EGGS,135.0,0
2014-06-19,1,EGGS,116.0,0
2014-06-20,1,EGGS,162.0,0
2014-06-21,1,EGGS,174.0,0
2014-06-22,1,EGGS,62.0,0
2014-06-23,1,EGGS,166.0,0
2014-06-24,1,EGGS,137.0,0
2014-06-25,1,EGGS,128.0,0
2014-06-26,1,EGGS,139.0,0
2014-06-27,1,EGGS,159.0,0
2014-06-28,1,EGGS,159.0,0
2014-06-29,1,EGGS,70.0,0
2014-06-30,1,EGGS,169.0,0
2014-07-01,1,EGGS,150.0,0
2014-07-02,1,EGGS,220.0,0
2014-07-03,1,EGGS,136.0,0
2014-07-04,1,EGGS,163.0,0
2014-07-05,1,EGGS,153.0,0
2014-07-06,1,EGGS,83.0,0
2014-07-07,1,EGGS,162.0,0
2014-07-08,1,EGGS,122.0,0
2014-07-09,1,EGGS,165.0,0
2014-07-10,1,EGGS,121.0,0
2014-07-11,1,EGGS,160.0,0
2014-07-12,1,EGGS,130.0,0
2014-07-13,1,EGGS,87.0,0
2014-07-14,1,EGGS,178.0,0
2014-07-15,1,EGGS,139.0,0
2014-07-16,1,EGGS,165.0,0
2014-07-17,1,EGGS,116.0,0
2014-07-18,1,EGGS,175.0,0
2014-07-19,1,EGGS,157.0,0
2014-07-20,1,EGGS,64.0,0
2014-07-21,1,EGGS,162.0,0
2014-07-22,1,EGGS,142.0,0
2014-07-23,1,EGGS,166.0,0
2014-07-24,1,EGGS,113.0,0
2014-07-25,1,EGGS,145.0,0
2014-07-26,1,EGGS,150.0,0
2014-07-27,1,EGGS,60.0,0
2014-07-28,1,EGGS,162.0,0
2014-07-29,1,EGGS,141.0,0
2014-07-30,1,EGGS,154.0,0
2014-07-31,1,EGGS,127.0,0
2014-08-01,1,EGGS,168.0,0
2014-08-02,1,EGGS,173.0,0
2014-08-03,1,EGGS,58.0,0
2014-08-04,1,EGGS,163.0,0
2014-08-05,1,EGGS,139.0,0
2014-08-06,1,EGGS,177.0,0
2014-08-07,1,EGGS,103.0,0
2014-08-08,1,EGGS,144.0,0
2014-08-09,1,EGGS,149.0,0
2014-08-10,1,EGGS,61.0,0
2014-08-11,1,EGGS,177.0,0
2014-08-12,1,EGGS,125.0,0
2014-08-13,1,EGGS,170.0,0
2014-08-14,1,EGGS,122.0,0
2014-08-15,1,EGGS,156.0,0
2014-08-16,1,EGGS,155.0,0
2014-08-17,1,EGGS,73.0,0
2014-08-18,1,EGGS,134.0,0
2014-08-19,1,EGGS,119.0,0
2014-08-20,1,EGGS,155.0,0
2014-08-21,1,EGGS,123.0,0
2014-08-22,1,EGGS,150.0,0
2014-08-23,1,EGGS,166.0,0
2014-08-24,1,EGGS,60.0,0
2014-08-25,1,EGGS,137.0,0
2014-08-26,1,EGGS,148.0,0
2014-08-27,1,EGGS,144.0,0
2014-08-28,1,EGGS,89.0,0
2014-08-29,1,EGGS,158.0,0
2014-08-30,1,EGGS,196.0,0
2014-08-31,1,EGGS,87.0,0
2014-09-01,1,EGGS,186.0,0
2014-09-02,1,EGGS,171.0,0
2014-09-03,1,EGGS,155.0,0
2014-09-04,1,EGGS,120.0,0
2014-09-05,1,EGGS,156.0,0
2014-09-06,1,EGGS,187.0,0
2014-09-07,1,EGGS,98.0,0
2014-09-08,1,EGGS,166.0,0
2014-09-09,1,EGGS,145.0,0
2014-09-10,1,EGGS,175.0,0
2014-09-11,1,EGGS,134.0,0
2014-09-12,1,EGGS,173.0,0
2014-09-13,1,EGGS,159.0,0
2014-09-14,1,EGGS,101.0,0
2014-09-15,1,EGGS,147.0,0
2014-09-16,1,EGGS,136.0,0
2014-09-17,1,EGGS,170.0,0
2014-09-18,1,EGGS,109.0,0
2014-09-19,1,EGGS,174.0,0
2014-09-20,1,EGGS,182.0,0
2014-09-21,1,EGGS,103.0,0
2014-09-22,1,EGGS,157.0,0
2014-09-23,1,EGGS,177.0,0
2014-09-24,1,EGGS,175.0,0
2014-09-25,1,EGGS,139.0,0
2014-09-26,1,EGGS,159.0,0
2014-09-27,1,EGGS,176.0,0
2014-09-28,1,EGGS,78.0,0
2014-09-29,1,EGGS,158.0,0
2014-09-30,1,EGGS,151.0,0
2014-10-01,1,EGGS,214.0,0
2014-10-02,1,EGGS,172.0,0
2014-10-03,1,EGGS,221.0,0
2014-10-04,1,EGGS,202.0,0
2014-10-05,1,EGGS,82.0,0
2014-10-06,1,EGGS,177.0,0
2014-10-07,1,EGGS,144.0,0
2014-10-08,1,EGGS,181.0,0
2014-10-09,1,EGGS,153.0,0
2014-10-10,1,EGGS,96.0,0
2014-10-11,1,EGGS,161.0,0
2014-10-12,1,EGGS,73.0,0
2014-10-13,1,EGGS,160.0,0
2014-10-14,1,EGGS,139.0,0
2014-10-15,1,EGGS,156.0,0
2014-10-16,1,EGGS,145.0,0
2014-10-17,1,EGGS,175.0,0
2014-10-18,1,EGGS,205.0,0
2014-10-19,1,EGGS,108.0,0
2014-10-20,1,EGGS,151.0,0
2014-10-21,1,EGGS,147.0,0
2014-10-22,1,EGGS,165.0,0
2014-10-23,1,EGGS,122.0,0
2014-10-24,1,EGGS,163.0,0
2014-10-25,1,EGGS,172.0,0
2014-10-26,1,EGGS,86.0,0
2014-10-27,1,EGGS,160.0,0
2014-10-28,1,EGGS,113.0,0
2014-10-29,1,EGGS,174.0,0
2014-10-30,1,EGGS,111.0,0
2014-10-31,1,EGGS,163.0,0
2014-11-01,1,EGGS,122.0,0
2014-11-02,1,EGGS,61.0,0
2014-11-03,1,EGGS,75.0,0
2014-11-04,1,EGGS,155.0,0
2014-11-05,1,EGGS,224.0,0
2014-11-06,1,EGGS,137.0,0
2014-11-07,1,EGGS,172.0,0
2014-11-08,1,EGGS,152.0,0
2014-11-09,1,EGGS,88.0,0
2014-11-10,1,EGGS,134.0,0
2014-11-11,1,EGGS,132.0,0
2014-11-12,1,EGGS,148.0,0
2014-11-13,1,EGGS,137.0,0
2014-11-14,1,EGGS,174.0,0
2014-11-15,1,EGGS,170.0,0
2014-11-16,1,EGGS,101.0,0
2014-11-17,1,EGGS,175.0,0
2014-11-18,1,EGGS,163.0,0
2014-11-19,1,EGGS,183.0,0
2014-11-20,1,EGGS,114.0,0
2014-11-21,1,EGGS,155.0,0
2014-11-22,1,EGGS,183.0,0
2014-11-23,1,EGGS,87.0,0
2014-11-24,1,EGGS,150.0,0
2014-11-25,1,EGGS,125.0,0
2014-11-26,1,EGGS,180.0,0
2014-11-27,1,EGGS,124.0,0
2014-11-28,1,EGGS,136.0,0
2014-11-29,1,EGGS,182.0,0
2014-11-30,1,EGGS,89.0,0
2014-12-01,1,EGGS,172.0,0
2014-12-02,1,EGGS,138.0,0
2014-12-03,1,EGGS,153.0,0
2014-12-04,1,EGGS,122.0,0
2014-12-05,1,EGGS,164.0,0
2014-12-06,1,EGGS,144.0,0
2014-12-07,1,EGGS,68.0,0
2014-12-08,1,EGGS,150.0,0
2014-12-09,1,EGGS,125.0,0
2014-12-10,1,EGGS,163.0,0
2014-12-11,1,EGGS,135.0,0
2014-12-12,1,EGGS,143.0,0
2014-12-13,1,EGGS,156.0,0
2014-12-14,1,EGGS,76.0,0
2014-12-15,1,EGGS,153.0,0
2014-12-16,1,EGGS,138.0,0
2014-12-17,1,EGGS,171.0,0
2014-12-18,1,EGGS,133.0,0
2014-12-19,1,EGGS,182.0,0
2014-12-20,1,EGGS,169.0,0
2014-12-21,1,EGGS,115.0,0
2014-12-22,1,EGGS,166.0,0
2014-12-23,1,EGGS,172.0,0
2014-12-24,1,EGGS,161.0,0
2014-12-26,1,EGGS,129.0,0
2014-12-27,1,EGGS,108.0,0
2014-12-28,1,EGGS,49.0,0
2014-12-29,1,EGGS,151.0,0
2014-12-30,1,EGGS,132.0,0
2014-12-31,1,EGGS,153.0,0
2015-01-01,1,EGGS,0.0,0
2015-01-02,1,EGGS,157.0,0
2015-01-03,1,EGGS,128.0,0
2015-01-04,1,EGGS,86.0,0
2015-01-05,1,EGGS,185.0,0
2015-01-06,1,EGGS,150.0,0
2015-01-07,1,EGGS,201.0,0
2015-01-08,1,EGGS,130.0,0
2015-01-09,1,EGGS,178.0,0
2015-01-10,1,EGGS,176.0,0
2015-01-11,1,EGGS,78.0,0
2015-01-12,1,EGGS,157.0,0
2015-01-13,1,EGGS,153.0,0
2015-01-14,1,EGGS,151.0,0
2015-01-15,1,EGGS,143.0,0
2015-01-16,1,EGGS,145.0,0
2015-01-17,1,EGGS,197.0,0
2015-01-18,1,EGGS,91.0,0
2015-01-19,1,EGGS,177.0,0
2015-01-20,1,EGGS,139.0,0
2015-01-21,1,EGGS,169.0,0
2015-01-22,1,EGGS,137.0,0
2015-01-23,1,EGGS,167.0,0
2015-01-24,1,EGGS,161.0,0
2015-01-25,1,EGGS,73.0,0
2015-01-26,1,EGGS,165.0,0
2015-01-27,1,EGGS,145.0,0
2015-01-28,1,EGGS,158.0,0
2015-01-29,1,EGGS,134.0,0
2015-01-30,1,EGGS,161.0,0
2015-01-31,1,EGGS,191.0,0
2015-02-01,1,EGGS,86.0,0
2015-02-02,1,EGGS,155.0,0
2015-02-03,1,EGGS,172.0,0
2015-02-04,1,EGGS,174.0,0
2015-02-05,1,EGGS,113.0,0
2015-02-06,1,EGGS,172.0,0
2015-02-07,1,EGGS,167.0,0
2015-02-08,1,EGGS,102.0,0
2015-02-09,1,EGGS,168.0,0
2015-02-10,1,EGGS,128.0,0
2015-02-11,1,EGGS,152.0,0
2015-02-12,1,EGGS,137.0,0
2015-02-13,1,EGGS,175.0,0
2015-02-14,1,EGGS,122.0,0
2015-02-15,1,EGGS,51.0,0
2015-02-16,1,EGGS,62.0,0
2015-02-17,1,EGGS,67.0,0
2015-02-18,1,EGGS,184.0,0
2015-02-19,1,EGGS,140.0,0
2015-02-20,1,EGGS,202.0,0
2015-02-21,1,EGGS,189.0,0
2015-02-22,1,EGGS,93.0,0
2015-02-23,1,EGGS,164.0,0
2015-02-24,1,EGGS,151.0,0
2015-02-25,1,EGGS,165.0,0
2015-02-26,1,EGGS,124.0,0
2015-02-27,1,EGGS,172.0,0
2015-02-28,1,EGGS,182.0,0
2015-03-01,1,EGGS,99.0,0
2015-03-02,1,EGGS,154.0,0
2015-03-03,1,EGGS,164.0,0
2015-03-04,1,EGGS,157.0,0
2015-03-05,1,EGGS,134.0,0
2015-03-06,1,EGGS,152.0,0
2015-03-07,1,EGGS,209.0,0
2015-03-08,1,EGGS,87.0,0
2015-03-09,1,EGGS,164.0,0
2015-03-10,1,EGGS,148.0,0
2015-03-11,1,EGGS,157.0,0
2015-03-12,1,EGGS,101.0,0
2015-03-13,1,EGGS,152.0,0
2015-03-14,1,EGGS,188.0,0
2015-03-15,1,EGGS,78.0,0
2015-03-16,1,EGGS,160.0,0
2015-03-17,1,EGGS,146.0,0
2015-03-18,1,EGGS,149.0,0
2015-03-19,1,EGGS,135.0,0
2015-03-20,1,EGGS,150.0,0
2015-03-21,1,EGGS,190.0,0
2015-03-22,1,EGGS,77.0,0
2015-03-23,1,EGGS,164.0,0
2015-03-24,1,EGGS,145.0,0
2015-03-25,1,EGGS,173.0,0
2015-03-26,1,EGGS,129.0,0
2015-03-27,1,EGGS,181.0,0
2015-03-28,1,EGGS,179.0,0
2015-03-29,1,EGGS,89.0,0
2015-03-30,1,EGGS,153.0,0
2015-03-31,1,EGGS,161.0,0
2015-04-01,1,EGGS,172.0,0
2015-04-02,1,EGGS,130.0,0
2015-04-03,1,EGGS,68.0,0
2015-04-04,1,EGGS,144.0,0
2015-04-05,1,EGGS,68.0,0
2015-04-06,1,EGGS,160.0,0
2015-04-07,1,EGGS,156.0,0
2015-04-08,1,EGGS,181.0,0
2015-04-09,1,EGGS,133.0,0
2015-04-10,1,EGGS,189.0,0
2015-04-11,1,EGGS,157.0,0
2015-04-12,1,EGGS,84.0,0
2015-04-13,1,EGGS,138.0,0
2015-04-14,1,EGGS,136.0,0
2015-04-15,1,EGGS,165.0,0
2015-04-16,1,EGGS,122.0,0
2015-04-17,1,EGGS,159.0,0
2015-04-18,1,EGGS,191.0,0
2015-04-19,1,EGGS,106.0,0
2015-04-20,1,EGGS,170.0,0
2015-04-21,1,EGGS,151.0,0
2015-04-22,1,EGGS,178.0,0
2015-04-23,1,EGGS,113.0,0
2015-04-24,1,EGGS,174.0,0
2015-04-25,1,EGGS,174.0,0
2015-04-26,1,EGGS,73.0,0
2015-04-27,1,EGGS,143.0,0
2015-04-28,1,EGGS,130.0,0
2015-04-29,1,EGGS,167.0,0
2015-04-30,1,EGGS,125.0,0
2015-05-01,1,EGGS,75.0,0
2015-05-02,1,EGGS,176.0,0
2015-05-03,1,EGGS,86.0,0
2015-05-04,1,EGGS,163.0,0
2015-05-05,1,EGGS,155.0,0
2015-05-06,1,EGGS,194.0,0
2015-05-07,1,EGGS,116.0,0
2015-05-08,1,EGGS,174.0,0
2015-05-09,1,EGGS,199.0,0
2015-05-10,1,EGGS,59.0,0
2015-05-11,1,EGGS,163.0,0
2015-05-12,1,EGGS,159.0,0
2015-05-13,1,EGGS,166.0,0
2015-05-14,1,EGGS,108.0,0
2015-05-15,1,EGGS,163.0,0
2015-05-16,1,EGGS,159.0,0
2015-05-17,1,EGGS,88.0,0
2015-05-18,1,EGGS,161.0,0
2015-05-19,1,EGGS,158.0,0
2015-05-20,1,EGGS,202.0,0
2015-05-21,1,EGGS,128.0,0
2015-05-22,1,EGGS,181.0,0
2015-05-23,1,EGGS,189.0,0
2015-05-24,1,EGGS,73.0,0
2015-05-25,1,EGGS,156.0,0
2015-05-26,1,EGGS,153.0,0
2015-05-27,1,EGGS,177.0,0
2015-05-28,1,EGGS,121.0,0
2015-05-29,1,EGGS,151.0,0
2015-05-30,1,EGGS,184.0,0
2015-05-31,1,EGGS,79.0,0
2015-06-01,1,EGGS,156.0,0
2015-06-02,1,EGGS,148.0,0
2015-06-03,1,EGGS,207.0,0
2015-06-04,1,EGGS,137.0,0
2015-06-05,1,EGGS,172.0,0
2015-06-06,1,EGGS,161.0,0
2015-06-07,1,EGGS,64.0,0
2015-06-08,1,EGGS,165.0,0
2015-06-09,1,EGGS,144.0,0
2015-06-10,1,EGGS,165.0,0
2015-06-11,1,EGGS,122.0,0
2015-06-12,1,EGGS,155.0,0
2015-06-13,1,EGGS,179.0,0
2015-06-14,1,EGGS,94.0,0
2015-06-15,1,EGGS,155.0,0
2015-06-16,1,EGGS,181.0,0
2015-06-17,1,EGGS,178.0,0
2015-06-18,1,EGGS,121.0,0
2015-06-19,1,EGGS,190.0,0
2015-06-20,1,EGGS,222.0,0
2015-06-21,1,EGGS,68.0,0
2015-06-22,1,EGGS,151.0,0
2015-06-23,1,EGGS,160.0,0
2015-06-24,1,EGGS,181.0,0
2015-06-25,1,EGGS,117.0,0
2015-06-26,1,EGGS,182.0,0
2015-06-27,1,EGGS,168.0,0
2015-06-28,1,EGGS,100.0,0
2015-06-29,1,EGGS,141.0,0
2015-06-30,1,EGGS,158.0,0
2015-07-01,1,EGGS,186.0,0
2015-07-02,1,EGGS,134.0,0
2015-07-03,1,EGGS,206.0,0
2015-07-04,1,EGGS,185.0,0
2015-07-05,1,EGGS,51.0,0
2015-07-06,1,EGGS,97.0,0
2015-07-07,1,EGGS,0.0,0
2015-07-08,1,EGGS,219.0,0
2015-07-09,1,EGGS,161.0,0
2015-07-10,1,EGGS,173.0,0
2015-07-11,1,EGGS,148.0,0
2015-07-12,1,EGGS,74.0,0
2015-07-13,1,EGGS,167.0,0
2015-07-14,1,EGGS,133.0,0
2015-07-15,1,EGGS,181.0,0
2015-07-16,1,EGGS,133.0,0
2015-07-17,1,EGGS,179.0,0
2015-07-18,1,EGGS,162.0,0
2015-07-19,1,EGGS,59.0,0
2015-07-20,1,EGGS,190.0,0
2015-07-21,1,EGGS,153.0,0
2015-07-22,1,EGGS,150.0,0
2015-07-23,1,EGGS,131.0,0
2015-07-24,1,EGGS,157.0,0
2015-07-25,1,EGGS,161.0,0
2015-07-26,1,EGGS,84.0,0
2015-07-27,1,EGGS,174.0,0
2015-07-28,1,EGGS,161.0,0
2015-07-29,1,EGGS,162.0,0
2015-07-30,1,EGGS,109.0,0
2015-07-31,1,EGGS,180.0,0
2015-08-01,1,EGGS,170.0,0
2015-08-02,1,EGGS,78.0,0
2015-08-03,1,EGGS,172.0,0
2015-08-04,1,EGGS,135.0,0
2015-08-05,1,EGGS,176.0,0
2015-08-06,1,EGGS,115.0,0
2015-08-07,1,EGGS,142.0,0
2015-08-08,1,EGGS,125.0,0
2015-08-09,1,EGGS,65.0,0
2015-08-10,1,EGGS,57.0,0
2015-08-11,1,EGGS,160.0,0
2015-08-12,1,EGGS,188.0,0
2015-08-13,1,EGGS,105.0,0
2015-08-14,1,EGGS,193.0,0
2015-08-15,1,EGGS,200.0,0
2015-08-16,1,EGGS,70.0,0
2015-08-17,1,EGGS,171.0,0
2015-08-18,1,EGGS,141.0,0
2015-08-19,1,EGGS,161.0,0
2015-08-20,1,EGGS,116.0,0
2015-08-21,1,EGGS,152.0,0
2015-08-22,1,EGGS,180.0,0
2015-08-23,1,EGGS,57.0,0
2015-08-24,1,EGGS,166.0,0
2015-08-25,1,EGGS,147.0,0
2015-08-26,1,EGGS,179.0,0
2015-08-27,1,EGGS,102.0,0
2015-08-28,1,EGGS,146.0,0
2015-08-29,1,EGGS,172.0,0
2015-08-30,1,EGGS,69.0,0
2015-08-31,1,EGGS,131.0,0
2015-09-01,1,EGGS,135.0,0
2015-09-02,1,EGGS,183.0,0
2015-09-03,1,EGGS,147.0,0
2015-09-04,1,EGGS,177.0,0
2015-09-05,1,EGGS,148.0,0
2015-09-06,1,EGGS,76.0,0
2015-09-07,1,EGGS,148.0,0
2015-09-08,1,EGGS,144.0,0
2015-09-09,1,EGGS,167.0,0
2015-09-10,1,EGGS,101.0,0
2015-09-11,1,EGGS,143.0,0
2015-09-12,1,EGGS,167.0,0
2015-09-13,1,EGGS,83.0,0
2015-09-14,1,EGGS,162.0,0
2015-09-15,1,EGGS,122.0,0
2015-09-16,1,EGGS,158.0,0
2015-09-17,1,EGGS,116.0,0
2015-09-18,1,EGGS,148.0,0
2015-09-19,1,EGGS,176.0,0
2015-09-20,1,EGGS,82.0,0
2015-09-21,1,EGGS,148.0,0
2015-09-22,1,EGGS,152.0,0
2015-09-23,1,EGGS,167.0,0
2015-09-24,1,EGGS,111.0,0
2015-09-25,1,EGGS,160.0,0
2015-09-26,1,EGGS,202.0,0
2015-09-27,1,EGGS,82.0,0
2015-09-28,1,EGGS,163.0,0
2015-09-29,1,EGGS,142.0,0
2015-09-30,1,EGGS,162.0,0
2015-10-01,1,EGGS,123.0,0
2015-10-02,1,EGGS,176.0,0
2015-10-03,1,EGGS,205.0,0
2015-10-04,1,EGGS,73.0,0
2015-10-05,1,EGGS,146.0,0
2015-10-06,1,EGGS,117.0,0
2015-10-07,1,EGGS,167.0,0
2015-10-08,1,EGGS,126.0,0
2015-10-09,1,EGGS,97.0,0
2015-10-10,1,EGGS,137.0,0
2015-10-11,1,EGGS,70.0,0
2015-10-12,1,EGGS,164.0,0
2015-10-13,1,EGGS,119.0,0
2015-10-14,1,EGGS,149.0,0
2015-10-15,1,EGGS,98.0,0
2015-10-16,1,EGGS,207.0,0
2015-10-17,1,EGGS,183.0,0
2015-10-18,1,EGGS,95.0,0
2015-10-19,1,EGGS,147.0,0
2015-10-20,1,EGGS,151.0,0
2015-10-21,1,EGGS,157.0,0
2015-10-22,1,EGGS,127.0,0
2015-10-23,1,EGGS,179.0,0
2015-10-24,1,EGGS,162.0,0
2015-10-25,1,EGGS,93.0,0
2015-10-26,1,EGGS,161.0,0
2015-10-27,1,EGGS,150.0,0
2015-10-28,1,EGGS,153.0,0
2015-10-29,1,EGGS,92.0,0
2015-10-30,1,EGGS,165.0,0
2015-10-31,1,EGGS,138.0,0
2015-11-01,1,EGGS,36.0,0
2015-11-02,1,EGGS,37.0,0
2015-11-03,1,EGGS,68.0,0
2015-11-04,1,EGGS,205.0,0
2015-11-05,1,EGGS,145.0,0
2015-11-06,1,EGGS,165.0,0
2015-11-07,1,EGGS,185.0,0
2015-11-08,1,EGGS,95.0,0
2015-11-09,1,EGGS,141.0,0
2015-11-10,1,EGGS,127.0,0
2015-11-11,1,EGGS,171.0,0
2015-11-12,1,EGGS,111.0,0
2015-11-13,1,EGGS,150.0,0
2015-11-14,1,EGGS,154.0,0
2015-11-15,1,EGGS,85.0,0
2015-11-16,1,EGGS,160.0,0
2015-11-17,1,EGGS,119.0,0
2015-11-18,1,EGGS,148.0,0
2015-11-19,1,EGGS,119.0,0
2015-11-20,1,EGGS,143.0,0
2015-11-21,1,EGGS,168.0,0
2015-11-22,1,EGGS,86.0,0
2015-11-23,1,EGGS,150.0,0
2015-11-24,1,EGGS,163.0,0
2015-11-25,1,EGGS,175.0,0
2015-11-26,1,EGGS,142.0,0
2015-11-27,1,EGGS,147.0,0
2015-11-28,1,EGGS,152.0,0
2015-11-29,1,EGGS,80.0,0
2015-11-30,1,EGGS,154.0,0
2015-12-01,1,EGGS,158.0,0
2015-12-02,1,EGGS,153.0,0
2015-12-03,1,EGGS,130.0,0
2015-12-04,1,EGGS,144.0,0
2015-12-05,1,EGGS,150.0,0
2015-12-06,1,EGGS,79.0,0
2015-12-07,1,EGGS,160.0,0
2015-12-08,1,EGGS,154.0,0
2015-12-09,1,EGGS,150.0,0
2015-12-10,1,EGGS,136.0,0
2015-12-11,1,EGGS,145.0,0
2015-12-12,1,EGGS,151.0,0
2015-12-13,1,EGGS,85.0,0
2015-12-14,1,EGGS,160.0,0
2015-12-15,1,EGGS,162.0,0
2015-12-16,1,EGGS,174.0,0
2015-12-17,1,EGGS,112.0,0
2015-12-18,1,EGGS,176.0,0
2015-12-19,1,EGGS,182.0,0
2015-12-20,1,EGGS,116.0,0
2015-12-21,1,EGGS,184.0,0
2015-12-22,1,EGGS,162.0,0
2015-12-23,1,EGGS,187.0,0
2015-12-24,1,EGGS,137.0,0
2015-12-26,1,EGGS,121.0,0
2015-12-27,1,EGGS,50.0,0
2015-12-28,1,EGGS,117.0,0
2015-12-29,1,EGGS,123.0,0
2015-12-30,1,EGGS,170.0,0
2015-12-31,1,EGGS,102.0,0
2016-01-01,1,EGGS,0.0,0
2016-01-02,1,EGGS,153.0,0
2016-01-03,1,EGGS,78.0,0
2016-01-04,1,EGGS,211.0,0
2016-01-05,1,EGGS,168.0,0
2016-01-06,1,EGGS,213.0,0
2016-01-07,1,EGGS,132.0,0
2016-01-08,1,EGGS,168.0,0
2016-01-09,1,EGGS,151.0,0
2016-01-10,1,EGGS,79.0,0
2016-01-11,1,EGGS,158.0,0
2016-01-12,1,EGGS,148.0,0
2016-01-13,1,EGGS,151.0,0
2016-01-14,1,EGGS,159.0,0
2016-01-15,1,EGGS,153.0,0
2016-01-16,1,EGGS,203.0,0
2016-01-17,1,EGGS,79.0,0
2016-01-18,1,EGGS,154.0,0
2016-01-19,1,EGGS,135.0,0
2016-01-20,1,EGGS,181.0,0
2016-01-21,1,EGGS,111.0,0
2016-01-22,1,EGGS,174.0,0
2016-01-23,1,EGGS,171.0,0
2016-01-24,1,EGGS,89.0,0
2016-01-25,1,EGGS,171.0,0
2016-01-26,1,EGGS,137.0,0
2016-01-27,1,EGGS,167.0,0
2016-01-28,1,EGGS,126.0,0
2016-01-29,1,EGGS,156.0,0
2016-01-30,1,EGGS,173.0,0
2016-01-31,1,EGGS,68.0,0
2016-02-01,1,EGGS,167.0,0
2016-02-02,1,EGGS,150.0,0
2016-02-03,1,EGGS,168.0,0
2016-02-04,1,EGGS,133.0,0
2016-02-05,1,EGGS,165.0,0
2016-02-06,1,EGGS,184.0,0
2016-02-07,1,EGGS,45.0,0
2016-02-08,1,EGGS,56.0,0
2016-02-09,1,EGGS,64.0,0
2016-02-10,1,EGGS,194.0,0
2016-02-11,1,EGGS,154.0,0
2016-02-12,1,EGGS,161.0,0
2016-02-13,1,EGGS,176.0,0
2016-02-14,1,EGGS,71.0,0
2016-02-15,1,EGGS,152.0,0
2016-02-16,1,EGGS,156.0,0
2016-02-17,1,EGGS,186.0,0
2016-02-18,1,EGGS,132.0,0
2016-02-19,1,EGGS,159.0,0
2016-02-20,1,EGGS,192.0,0
2016-02-21,1,EGGS,83.0,0
2016-02-22,1,EGGS,156.0,0
2016-02-23,1,EGGS,156.0,0
2016-02-24,1,EGGS,161.0,0
2016-02-25,1,EGGS,103.0,0
2016-02-26,1,EGGS,157.0,0
2016-02-27,1,EGGS,171.0,0
2016-02-28,1,EGGS,91.0,0
2016-02-29,1,EGGS,145.0,0
2016-03-01,1,EGGS,127.0,0
2016-03-02,1,EGGS,193.0,0
2016-03-03,1,EGGS,129.0,0
2016-03-04,1,EGGS,170.0,0
2016-03-05,1,EGGS,183.0,0
2016-03-06,1,EGGS,91.0,0
2016-03-07,1,EGGS,147.0,0
2016-03-08,1,EGGS,106.0,0
2016-03-09,1,EGGS,174.0,0
2016-03-10,1,EGGS,139.0,0
2016-03-11,1,EGGS,195.0,0
2016-03-12,1,EGGS,171.0,0
2016-03-13,1,EGGS,83.0,0
2016-03-14,1,EGGS,155.0,0
2016-03-15,1,EGGS,130.0,0
2016-03-16,1,EGGS,183.0,0
2016-03-17,1,EGGS,128.0,0
2016-03-18,1,EGGS,163.0,0
2016-03-19,1,EGGS,195.0,0
2016-03-20,1,EGGS,89.0,0
2016-03-21,1,EGGS,146.0,0
2016-03-22,1,EGGS,138.0,0
2016-03-23,1,EGGS,139.0,0
2016-03-24,1,EGGS,177.0,0
2016-03-25,1,EGGS,65.0,0
2016-03-26,1,EGGS,117.0,0
2016-03-27,1,EGGS,86.0,0
2016-03-28,1,EGGS,140.0,0
2016-03-29,1,EGGS,146.0,0
2016-03-30,1,EGGS,170.0,0
2016-03-31,1,EGGS,151.0,0
2016-04-01,1,EGGS,186.0,0
2016-04-02,1,EGGS,182.0,0
2016-04-03,1,EGGS,102.0,0
2016-04-04,1,EGGS,167.0,0
2016-04-05,1,EGGS,130.0,0
2016-04-06,1,EGGS,149.0,0
2016-04-07,1,EGGS,126.0,0
2016-04-08,1,EGGS,132.0,0
2016-04-09,1,EGGS,164.0,0
2016-04-10,1,EGGS,80.0,0
2016-04-11,1,EGGS,150.0,0
2016-04-12,1,EGGS,130.0,0
2016-04-13,1,EGGS,148.0,0
2016-04-14,1,EGGS,105.0,0
2016-04-15,1,EGGS,171.0,0
2016-04-16,1,EGGS,169.0,0
2016-04-17,1,EGGS,84.0,0
2016-04-18,1,EGGS,150.0,0
2016-04-19,1,EGGS,119.0,0
2016-04-20,1,EGGS,175.0,0
2016-04-21,1,EGGS,134.0,0
2016-04-22,1,EGGS,143.0,0
2016-04-23,1,EGGS,159.0,0
2016-04-24,1,EGGS,82.0,0
2016-04-25,1,EGGS,136.0,0
2016-04-26,1,EGGS,134.0,0
2016-04-27,1,EGGS,153.0,0
2016-04-28,1,EGGS,110.0,0
2016-04-29,1,EGGS,174.0,0
2016-04-30,1,EGGS,184.0,0
2016-05-01,1,EGGS,106.0,0
2016-05-02,1,EGGS,138.0,0
2016-05-03,1,EGGS,140.0,0
2016-05-04,1,EGGS,159.0,0
2016-05-05,1,EGGS,128.0,0
2016-05-06,1,EGGS,169.0,0
2016-05-07,1,EGGS,177.0,0
2016-05-08,1,EGGS,68.0,0
2016-05-09,1,EGGS,154.0,0
2016-05-10,1,EGGS,129.0,0
2016-05-11,1,EGGS,156.0,0
2016-05-12,1,EGGS,108.0,0
2016-05-13,1,EGGS,153.0,0
2016-05-14,1,EGGS,161.0,0
2016-05-15,1,EGGS,95.0,0
2016-05-16,1,EGGS,180.0,0
2016-05-17,1,EGGS,126.0,0
2016-05-18,1,EGGS,149.0,0
2016-05-19,1,EGGS,100.0,0
2016-05-20,1,EGGS,142.0,0
2016-05-21,1,EGGS,149.0,0
2016-05-22,1,EGGS,91.0,0
2016-05-23,1,EGGS,133.0,0
2016-05-24,1,EGGS,126.0,0
2016-05-25,1,EGGS,166.0,0
2016-05-26,1,EGGS,139.0,0
2016-05-27,1,EGGS,102.0,0
2016-05-28,1,EGGS,129.0,0
2016-05-29,1,EGGS,77.0,0
2016-05-30,1,EGGS,153.0,0
2016-05-31,1,EGGS,141.0,0
2016-06-01,1,EGGS,189.0,0
2016-06-02,1,EGGS,128.0,0
2016-06-03,1,EGGS,169.0,0
2016-06-04,1,EGGS,149.0,0
2016-06-05,1,EGGS,86.0,0
2016-06-06,1,EGGS,135.0,0
2016-06-07,1,EGGS,101.0,0
2016-06-08,1,EGGS,172.0,0
2016-06-09,1,EGGS,97.0,0
2016-06-10,1,EGGS,146.0,0
2016-06-11,1,EGGS,148.0,0
2016-06-12,1,EGGS,75.0,0
2016-06-13,1,EGGS,118.0,0
2016-06-14,1,EGGS,112.0,0
2016-06-15,1,EGGS,173.0,0
2016-06-16,1,EGGS,128.0,0
2016-06-17,1,EGGS,134.0,0
2016-06-18,1,EGGS,150.0,0
2016-06-19,1,EGGS,80.0,0
2016-06-20,1,EGGS,160.0,0
2016-06-21,1,EGGS,105.0,0
2016-06-22,1,EGGS,176.0,0
2016-06-23,1,EGGS,108.0,0
2016-06-24,1,EGGS,133.0,0
2016-06-25,1,EGGS,159.0,0
2016-06-26,1,EGGS,78.0,0
2016-06-27,1,EGGS,155.0,0
2016-06-28,1,EGGS,120.0,0
2016-06-29,1,EGGS,128.0,0
2016-06-30,1,EGGS,108.0,0
2016-07-01,1,EGGS,191.0,0
2016-07-02,1,EGGS,161.0,0
2016-07-03,1,EGGS,87.0,0
2016-07-04,1,EGGS,148.0,0
2016-07-05,1,EGGS,129.0,0
2016-07-06,1,EGGS,167.0,0
2016-07-07,1,EGGS,119.0,0
2016-07-08,1,EGGS,144.0,0
2016-07-09,1,EGGS,158.0,0
2016-07-10,1,EGGS,61.0,0
2016-07-11,1,EGGS,136.0,0
2016-07-12,1,EGGS,116.0,0
2016-07-13,1,EGGS,149.0,0
2016-07-14,1,EGGS,118.0,0
2016-07-15,1,EGGS,157.0,0
2016-07-16,1,EGGS,155.0,0
2016-07-17,1,EGGS,85.0,0
2016-07-18,1,EGGS,147.0,0
2016-07-19,1,EGGS,138.0,0
2016-07-20,1,EGGS,144.0,0
2016-07-21,1,EGGS,136.0,0
2016-07-22,1,EGGS,173.0,0
2016-07-23,1,EGGS,141.0,0
2016-07-24,1,EGGS,83.0,0
2016-07-25,1,EGGS,132.0,0
2016-07-26,1,EGGS,124.0,0
2016-07-27,1,EGGS,147.0,0
2016-07-28,1,EGGS,98.0,0
2016-07-29,1,EGGS,148.0,0
2016-07-30,1,EGGS,173.0,0
2016-07-31,1,EGGS,78.0,0
2016-08-01,1,EGGS,157.0,0
2016-08-02,1,EGGS,101.0,0
2016-08-03,1,EGGS,159.0,0
2016-08-04,1,EGGS,99.0,0
2016-08-05,1,EGGS,159.0,0
2016-08-06,1,EGGS,151.0,0
2016-08-07,1,EGGS,57.0,0
2016-08-08,1,EGGS,162.0,0
2016-08-09,1,EGGS,115.0,0
2016-08-10,1,EGGS,151.0,0
2016-08-11,1,EGGS,113.0,0
2016-08-12,1,EGGS,55.0,0
2016-08-13,1,EGGS,111.0,0
2016-08-14,1,EGGS,59.0,0
2016-08-15,1,EGGS,169.0,0
2016-08-16,1,EGGS,146.0,0
2016-08-17,1,EGGS,151.0,0
2016-08-18,1,EGGS,105.0,0
2016-08-19,1,EGGS,133.0,0
2016-08-20,1,EGGS,140.0,0
2016-08-21,1,EGGS,56.0,0
2016-08-22,1,EGGS,138.0,0
2016-08-23,1,EGGS,110.0,0
2016-08-24,1,EGGS,151.0,0
2016-08-25,1,EGGS,98.0,0
2016-08-26,1,EGGS,144.0,0
2016-08-27,1,EGGS,148.0,0
2016-08-28,1,EGGS,62.0,0
2016-08-29,1,EGGS,145.0,0
2016-08-30,1,EGGS,125.0,0
2016-08-31,1,EGGS,156.0,0
2016-09-01,1,EGGS,122.0,0
2016-09-02,1,EGGS,154.0,0
2016-09-03,1,EGGS,149.0,0
2016-09-04,1,EGGS,80.0,0
2016-09-05,1,EGGS,151.0,0
2016-09-06,1,EGGS,122.0,0
2016-09-07,1,EGGS,141.0,0
2016-09-08,1,EGGS,117.0,0
2016-09-09,1,EGGS,157.0,0
2016-09-10,1,EGGS,152.0,0
2016-09-11,1,EGGS,63.0,0
2016-09-12,1,EGGS,135.0,0
2016-09-13,1,EGGS,120.0,0
2016-09-14,1,EGGS,155.0,0
2016-09-15,1,EGGS,112.0,0
2016-09-16,1,EGGS,150.0,0
2016-09-17,1,EGGS,167.0,0
2016-09-18,1,EGGS,74.0,0
2016-09-19,1,EGGS,132.0,0
2016-09-20,1,EGGS,125.0,0
2016-09-21,1,EGGS,136.0,0
2016-09-22,1,EGGS,118.0,0
2016-09-23,1,EGGS,140.0,0
2016-09-24,1,EGGS,162.0,0
2016-09-25,1,EGGS,76.0,0
2016-09-26,1,EGGS,157.0,0
2016-09-27,1,EGGS,118.0,0
2016-09-28,1,EGGS,153.0,0
2016-09-29,1,EGGS,69.0,0
2016-09-30,1,EGGS,112.0,0
2016-10-01,1,EGGS,204.0,0
2016-10-02,1,EGGS,77.0,0
2016-10-03,1,EGGS,148.0,0
2016-10-04,1,EGGS,127.0,0
2016-10-05,1,EGGS,153.0,0
2016-10-06,1,EGGS,114.0,0
2016-10-07,1,EGGS,162.0,0
2016-10-08,1,EGGS,154.0,0
2016-10-09,1,EGGS,96.0,0
2016-10-10,1,EGGS,130.0,0
2016-10-11,1,EGGS,107.0,0
2016-10-12,1,EGGS,157.0,0
2016-10-13,1,EGGS,129.0,0
2016-10-14,1,EGGS,151.0,0
2016-10-15,1,EGGS,165.0,0
2016-10-16,1,EGGS,67.0,0
2016-10-17,1,EGGS,141.0,0
2016-10-18,1,EGGS,130.0,0
2016-10-19,1,EGGS,153.0,0
2016-10-20,1,EGGS,94.0,0
2016-10-21,1,EGGS,161.0,0
2016-10-22,1,EGGS,146.0,0
2016-10-23,1,EGGS,96.0,0
2016-10-24,1,EGGS,129.0,0
2016-10-25,1,EGGS,165.0,0
2016-10-26,1,EGGS,134.0,0
2016-10-27,1,EGGS,117.0,0
2016-10-28,1,EGGS,160.0,0
2016-10-29,1,EGGS,171.0,0
2016-10-30,1,EGGS,85.0,0
2016-10-31,1,EGGS,114.0,0
2016-11-01,1,EGGS,144.0,0
2016-11-02,1,EGGS,62.0,0
2016-11-03,1,EGGS,69.0,0
2016-11-04,1,EGGS,104.0,0
2016-11-05,1,EGGS,109.0,0
2016-11-06,1,EGGS,67.0,0
2016-11-07,1,EGGS,172.0,0
2016-11-08,1,EGGS,142.0,0
2016-11-09,1,EGGS,171.0,0
2016-11-10,1,EGGS,131.0,0
2016-11-11,1,EGGS,147.0,0
2016-11-12,1,EGGS,161.0,0
2016-11-13,1,EGGS,85.0,0
2016-11-14,1,EGGS,141.0,0
2016-11-15,1,EGGS,151.0,0
2016-11-16,1,EGGS,157.0,0
2016-11-17,1,EGGS,122.0,0
2016-11-18,1,EGGS,133.0,0
2016-11-19,1,EGGS,160.0,0
2016-11-20,1,EGGS,85.0,0
2016-11-21,1,EGGS,146.0,0
2016-11-22,1,EGGS,140.0,0
2016-11-23,1,EGGS,175.0,0
2016-11-24,1,EGGS,99.0,0
2016-11-25,1,EGGS,149.0,0
2016-11-26,1,EGGS,118.0,0
2016-11-27,1,EGGS,67.0,0
2016-11-28,1,EGGS,163.0,0
2016-11-29,1,EGGS,133.0,0
2016-11-30,1,EGGS,138.0,0
2016-12-01,1,EGGS,112.0,0
2016-12-02,1,EGGS,167.0,0
2016-12-03,1,EGGS,165.0,0
2016-12-04,1,EGGS,85.0,0
2016-12-05,1,EGGS,117.0,0
2016-12-06,1,EGGS,59.0,0
2016-12-07,1,EGGS,181.0,0
2016-12-08,1,EGGS,141.0,0
2016-12-09,1,EGGS,155.0,0
2016-12-10,1,EGGS,149.0,0
2016-12-11,1,EGGS,75.0,0
2016-12-12,1,EGGS,141.0,0
2016-12-13,1,EGGS,115.0,0
2016-12-14,1,EGGS,146.0,0
2016-12-15,1,EGGS,134.0,0
2016-12-16,1,EGGS,156.0,0
2016-12-17,1,EGGS,162.0,0
2016-12-18,1,EGGS,116.0,0
2016-12-19,1,EGGS,147.0,0
2016-12-20,1,EGGS,154.0,0
2016-12-21,1,EGGS,151.0,0
2016-12-22,1,EGGS,131.0,0
2016-12-23,1,EGGS,184.0,0
2016-12-24,1,EGGS,181.0,0
2016-12-26,1,EGGS,69.0,0
2016-12-27,1,EGGS,149.0,0
2016-12-28,1,EGGS,132.0,0
2016-12-29,1,EGGS,75.0,0
2016-12-30,1,EGGS,150.0,0
2016-12-31,1,EGGS,138.0,0
2017-01-01,1,EGGS,0.0,0
2017-01-02,1,EGGS,76.0,0
2017-01-03,1,EGGS,202.0,0
2017-01-04,1,EGGS,197.0,0
2017-01-05,1,EGGS,159.0,0
2017-01-06,1,EGGS,169.0,0
2017-01-07,1,EGGS,153.0,0
2017-01-08,1,EGGS,91.0,0
2017-01-09,1,EGGS,166.0,0
2017-01-10,1,EGGS,117.0,0
2017-01-11,1,EGGS,134.0,0
2017-01-12,1,EGGS,119.0,0
2017-01-13,1,EGGS,176.0,0
2017-01-14,1,EGGS,171.0,0
2017-01-15,1,EGGS,88.0,0
2017-01-16,1,EGGS,159.0,0
2017-01-17,1,EGGS,140.0,0
2017-01-18,1,EGGS,155.0,0
2017-01-19,1,EGGS,110.0,0
2017-01-20,1,EGGS,134.0,0
2017-01-21,1,EGGS,212.0,0
2017-01-22,1,EGGS,83.0,0
2017-01-23,1,EGGS,145.0,0
2017-01-24,1,EGGS,122.0,0
2017-01-25,1,EGGS,148.0,0
2017-01-26,1,EGGS,127.0,0
2017-01-27,1,EGGS,153.0,0
2017-01-28,1,EGGS,161.0,0
2017-01-29,1,EGGS,82.0,0
2017-01-30,1,EGGS,135.0,0
2017-01-31,1,EGGS,141.0,0
2017-02-01,1,EGGS,170.0,0
2017-02-02,1,EGGS,117.0,0
2017-02-03,1,EGGS,153.0,0
2017-02-04,1,EGGS,159.0,0
2017-02-05,1,EGGS,75.0,0
2017-02-06,1,EGGS,143.0,0
2017-02-07,1,EGGS,147.0,0
2017-02-08,1,EGGS,131.0,0
2017-02-09,1,EGGS,106.0,0
2017-02-10,1,EGGS,145.0,0
2017-02-11,1,EGGS,187.0,0
2017-02-12,1,EGGS,72.0,0
2017-02-13,1,EGGS,144.0,0
2017-02-14,1,EGGS,119.0,0
2017-02-15,1,EGGS,142.0,0
2017-02-16,1,EGGS,125.0,0
2017-02-17,1,EGGS,158.0,0
2017-02-18,1,EGGS,169.0,0
2017-02-19,1,EGGS,75.0,0
2017-02-20,1,EGGS,152.0,0
2017-02-21,1,EGGS,123.0,0
2017-02-22,1,EGGS,165.0,0
2017-02-23,1,EGGS,93.0,0
2017-02-24,1,EGGS,175.0,0
2017-02-25,1,EGGS,136.0,0
2017-02-26,1,EGGS,53.0,0
2017-02-27,1,EGGS,35.0,0
2017-02-28,1,EGGS,74.0,0
2017-03-01,1,EGGS,215.0,0
2017-03-02,1,EGGS,160.0,0
2017-03-03,1,EGGS,187.0,0
2017-03-04,1,EGGS,172.0,0
2017-03-05,1,EGGS,77.0,0
2017-03-06,1,EGGS,133.0,0
2017-03-07,1,EGGS,153.0,0
2017-03-08,1,EGGS,168.0,0
2017-03-09,1,EGGS,114.0,0
2017-03-10,1,EGGS,150.0,0
2017-03-11,1,EGGS,165.0,0
2017-03-12,1,EGGS,87.0,0
2017-03-13,1,EGGS,181.0,0
2017-03-14,1,EGGS,139.0,0
2017-03-15,1,EGGS,166.0,0
2017-03-16,1,EGGS,126.0,0
2017-03-17,1,EGGS,175.0,0
2017-03-18,1,EGGS,153.0,0
2017-03-19,1,EGGS,103.0,0
2017-03-20,1,EGGS,174.0,0
2017-03-21,1,EGGS,123.0,0
2017-03-22,1,EGGS,158.0,0
2017-03-23,1,EGGS,115.0,0
2017-03-24,1,EGGS,182.0,0
2017-03-25,1,EGGS,168.0,0
2017-03-26,1,EGGS,99.0,0
2017-03-27,1,EGGS,169.0,0
2017-03-28,1,EGGS,125.0,0
2017-03-29,1,EGGS,183.0,0
2017-03-30,1,EGGS,131.0,0
2017-03-31,1,EGGS,193.0,0
2017-04-01,1,EGGS,231.0,0
2017-04-02,1,EGGS,84.0,0
2017-04-03,1,EGGS,113.0,0
2017-04-04,1,EGGS,142.0,0
2017-04-05,1,EGGS,178.0,0
2017-04-06,1,EGGS,135.0,0
2017-04-07,1,EGGS,179.0,0
2017-04-08,1,EGGS,163.0,0
2017-04-09,1,EGGS,91.0,0
2017-04-10,1,EGGS,155.0,0
2017-04-11,1,EGGS,137.0,0
2017-04-12,1,EGGS,168.0,0
2017-04-13,1,EGGS,144.0,0
2017-04-14,1,EGGS,69.0,0
2017-04-15,1,EGGS,141.0,0
2017-04-16,1,EGGS,62.0,0
2017-04-17,1,EGGS,154.0,0
2017-04-18,1,EGGS,123.0,0
2017-04-19,1,EGGS,170.0,0
2017-04-20,1,EGGS,103.0,0
2017-04-21,1,EGGS,164.0,0
2017-04-22,1,EGGS,166.0,0
2017-04-23,1,EGGS,74.0,0
2017-04-24,1,EGGS,152.0,0
2017-04-25,1,EGGS,126.0,0
2017-04-26,1,EGGS,172.0,0
2017-04-27,1,EGGS,119.0,0
2017-04-28,1,EGGS,143.0,0
2017-04-29,1,EGGS,144.0,0
2017-04-30,1,EGGS,64.0,0
2017-05-01,1,EGGS,67.0,0
2017-05-02,1,EGGS,180.0,0
2017-05-03,1,EGGS,151.0,0
2017-05-04,1,EGGS,102.0,0
2017-05-05,1,EGGS,164.0,0
2017-05-06,1,EGGS,157.0,0
2017-05-07,1,EGGS,78.0,0
2017-05-08,1,EGGS,160.0,0
2017-05-09,1,EGGS,122.0,0
2017-05-10,1,EGGS,139.0,0
2017-05-11,1,EGGS,113.0,0
2017-05-12,1,EGGS,162.0,0
2017-05-13,1,EGGS,183.0,0
2017-05-14,1,EGGS,78.0,0
2017-05-15,1,EGGS,183.0,0
2017-05-16,1,EGGS,157.0,0
2017-05-17,1,EGGS,136.0,0
2017-05-18,1,EGGS,108.0,0
2017-05-19,1,EGGS,170.0,0
2017-05-20,1,EGGS,168.0,0
2017-05-21,1,EGGS,90.0,0
2017-05-22,1,EGGS,156.0,0
2017-05-23,1,EGGS,134.0,0
2017-05-24,1,EGGS,154.0,0
2017-05-25,1,EGGS,125.0,0
2017-05-26,1,EGGS,90.0,0
2017-05-27,1,EGGS,155.0,0
2017-05-28,1,EGGS,70.0,0
2017-05-29,1,EGGS,140.0,0
2017-05-30,1,EGGS,141.0,0
2017-05-31,1,EGGS,139.0,0
2017-06-01,1,EGGS,149.0,0
2017-06-02,1,EGGS,220.0,0
2017-06-03,1,EGGS,199.0,0
2017-06-04,1,EGGS,98.0,0
2017-06-05,1,EGGS,159.0,0
2017-06-06,1,EGGS,173.0,0
2017-06-07,1,EGGS,199.0,0
2017-06-08,1,EGGS,143.0,0
2017-06-09,1,EGGS,196.0,0
2017-06-10,1,EGGS,192.0,0
2017-06-11,1,EGGS,95.0,0
2017-06-12,1,EGGS,184.0,0
2017-06-13,1,EGGS,163.0,0
2017-06-14,1,EGGS,166.0,0
2017-06-15,1,EGGS,154.0,0
2017-06-16,1,EGGS,172.0,0
2017-06-17,1,EGGS,223.0,0
2017-06-18,1,EGGS,90.0,0
2017-06-19,1,EGGS,198.0,0
2017-06-20,1,EGGS,170.0,0
2017-06-21,1,EGGS,167.0,0
2017-06-22,1,EGGS,128.0,0
2017-06-23,1,EGGS,145.0,0
2017-06-24,1,EGGS,148.0,0
2017-06-25,1,EGGS,67.0,0
2017-06-26,1,EGGS,164.0,0
2017-06-27,1,EGGS,120.0,0
2017-06-28,1,EGGS,164.0,0
2017-06-29,1,EGGS,118.0,0
2017-06-30,1,EGGS,133.0,0
2017-07-01,1,EGGS,154.0,0
2017-07-02,1,EGGS,82.0,0
2017-07-03,1,EGGS,168.0,0
2017-07-04,1,EGGS,113.0,0
2017-07-05,1,EGGS,156.0,0
2017-07-06,1,EGGS,124.0,0
2017-07-07,1,EGGS,138.0,0
2017-07-08,1,EGGS,175.0,0
2017-07-09,1,EGGS,88.0,0
2017-07-10,1,EGGS,141.0,0
2017-07-11,1,EGGS,128.0,0
2017-07-12,1,EGGS,169.0,0
2017-07-13,1,EGGS,113.0,0
2017-07-14,1,EGGS,172.0,0
2017-07-15,1,EGGS,169.0,0
2017-07-16,1,EGGS,60.0,0
2017-07-17,1,EGGS,170.0,0
2017-07-18,1,EGGS,143.0,0
2017-07-19,1,EGGS,151.0,0
2017-07-20,1,EGGS,157.0,0
2017-07-21,1,EGGS,157.0,0
2017-07-22,1,EGGS,164.0,0
2017-07-23,1,EGGS,76.0,0
2017-07-24,1,EGGS,162.0,0
2017-07-25,1,EGGS,129.0,0
2017-07-26,1,EGGS,143.0,0
2017-07-27,1,EGGS,127.0,0
2017-07-28,1,EGGS,150.0,0
2017-07-29,1,EGGS,143.0,0
2017-07-30,1,EGGS,83.0,0
2017-07-31,1,EGGS,149.0,0
2017-08-01,1,EGGS,161.0,0
2017-08-02,1,EGGS,160.0,0
2017-08-03,1,EGGS,120.0,0
2017-08-04,1,EGGS,143.0,0
2017-08-05,1,EGGS,155.0,0
2017-08-06,1,EGGS,47.0,0
2017-08-07,1,EGGS,152.0,0
2017-08-08,1,EGGS,130.0,0
2017-08-09,1,EGGS,134.0,0
2017-08-10,1,EGGS,114.0,0
2017-08-11,1,EGGS,86.0,0
2017-08-12,1,EGGS,113.0,0
2017-08-13,1,EGGS,60.0,0
2017-08-14,1,EGGS,170.0,0
2017-08-15,1,EGGS,131.0,0
2017-08-16,1,EGGS,144.9201404347209,0
2017-08-17,1,EGGS,114.13948191113263,0
2017-08-18,1,EGGS,120.2456918810839,0
2017-08-19,1,EGGS,122.37540263269814,0
2017-08-20,1,EGGS,64.55443915430692,0
2017-08-21,1,EGGS,138.13534618941364,0
2017-08-22,1,EGGS,123.591805299095,0
2017-08-23,1,EGGS,133.249208120385,0
2017-08-24,1,EGGS,104.27898530576893,0
2017-08-25,1,EGGS,117.13579647869538,0
2017-08-26,1,EGGS,114.35222053714185,0
2017-08-27,1,EGGS,60.75654659768743,0
2017-08-28,1,EGGS,128.14193850162553,0
2017-08-29,1,EGGS,117.13534255444657,0
2017-08-30,1,EGGS,123.25973322283204,0
2017-08-31,1,EGGS,107.9986120864438,0
2017-09-01,1,EGGS,97.26534168575934,0
2017-09-02,1,EGGS,121.88593076470674,0
2017-09-03,1,EGGS,66.30491580531078,0
2017-09-04,1,EGGS,123.65297922728764,0
2017-09-05,1,EGGS,106.66354363373388,0
2017-09-06,1,EGGS,116.77564803898036,0
2017-09-07,1,EGGS,92.92294113820093,0
2017-09-08,1,EGGS,101.45437956384536,0
2017-09-09,1,EGGS,103.20721324399004,0
2017-09-10,1,EGGS,57.83973354670677,0
2017-09-11,1,EGGS,107.57939160764312,0
2017-09-12,1,EGGS,96.2287095251992,0
2017-09-13,1,EGGS,102.22286823303942,0
2017-09-14,1,EGGS,85.5088289847883,0
2017-09-15,1,EGGS,94.50031222606158,0
2017-09-16,1,EGGS,100.1806135603949,0
2017-09-17,1,EGGS,56.09124011238491,0
2017-09-18,1,EGGS,103.14428558430572,0
2017-09-19,1,EGGS,94.18978926393706,0
2017-09-20,1,EGGS,99.42302199067623,0
2017-09-21,1,EGGS,80.79074122760989,0
2017-09-22,1,EGGS,85.90630057261455,0
2017-09-23,1,EGGS,90.30807169498836,0
2017-09-24,1,EGGS,50.453413514061225,0
2017-09-25,1,EGGS,94.58781703969728,0
2017-09-26,1,EGGS,86.4637202437176,0
2017-09-27,1,EGGS,89.7250042447885,0
2017-09-28,1,EGGS,71.00206898898084,0
2017-09-30,1,EGGS,85.17828855534856,0
2017-10-01,1,EGGS,50.02751795891424,0
2017-10-02,1,EGGS,91.13914118625055,0
2017-10-03,1,EGGS,88.01142887722713,0
2017-10-04,1,EGGS,94.5215456880016,0
2017-10-05,1,EGGS,76.1980273881048,0
2017-10-06,1,EGGS,81.97414459436199,0
2017-10-07,1,EGGS,79.40762859219025,0
2017-10-08,1,EGGS,45.70789851406318,0
2017-10-09,1,EGGS,74.4984692917283,0
2017-10-10,1,EGGS,73.73178046548969,0
2017-10-11,1,EGGS,83.2028268793308,0
2017-10-12,1,EGGS,67.8971711504681,0
2017-10-13,1,EGGS,73.95633329185645,0
2017-10-14,1,EGGS,71.04104379215677,0
2017-10-15,1,EGGS,40.56792582059345,0
2017-10-16,1,EGGS,84.96594932522426,0
2017-10-17,1,EGGS,73.90402009280226,0
2017-10-18,1,EGGS,82.04482385791995,0
2017-10-19,1,EGGS,63.88046495428884,0
2017-10-20,1,EGGS,72.7589290317653,0
2017-10-21,1,EGGS,69.8836455957554,0
2017-10-22,1,EGGS,39.26165086443139,0
2017-10-23,1,EGGS,77.81859767570175,0
2017-10-24,1,EGGS,68.42437113977314,0
2017-10-25,1,EGGS,73.00761395923693,0
2017-10-26,1,EGGS,60.383091590221255,0
2017-10-27,1,EGGS,66.40568453864847,0
2017-10-28,1,EGGS,63.90705015126656,0
2017-10-29,1,EGGS,36.33268729982256,0
2017-10-30,1,EGGS,72.0606543234267,0
2017-10-31,1,EGGS,65.49246837055279,0
2017-11-01,1,EGGS,75.32075921624387,0
2017-11-02,1,EGGS,53.540220724883525,0
2017-11-03,1,EGGS,58.4167497356172,0
2017-11-04,1,EGGS,61.893717436980175,0
2017-11-05,1,EGGS,34.90623849075136,0
2017-11-06,1,EGGS,59.70951998940394,0
2017-11-07,1,EGGS,53.79251604720602,0
2017-11-08,1,EGGS,64.94968969128911,0
2017-11-09,1,EGGS,51.82948822690713,0
2017-11-10,1,EGGS,51.0687050108631,0
2017-11-11,1,EGGS,50.17478306314812,0
2017-11-12,1,EGGS,30.841535382293703,0
2017-11-13,1,EGGS,54.81729032021203,0
2017-11-14,1,EGGS,50.740985004203125,0
2017-11-15,1,EGGS,57.81077549130604,0
2017-11-16,1,EGGS,49.8448082386,0
2017-11-17,1,EGGS,50.93919901226626,0
2017-11-18,1,EGGS,51.203295328416814,0
2017-11-19,1,EGGS,30.11318316062796,0
2017-11-20,1,EGGS,56.51929822858245,0
2017-11-21,1,EGGS,51.8495036106181,0
2017-11-22,1,EGGS,57.75593070544099,0
2017-11-23,1,EGGS,46.978546459634096,0
2017-11-24,1,EGGS,48.86252582337031,0
2017-11-25,1,EGGS,48.33470198084842,0
2017-11-26,1,EGGS,28.254632852147296,0
2017-11-27,1,EGGS,51.804349229837854,0
2017-11-28,1,EGGS,49.0010729849116,0
2017-11-29,1,EGGS,51.84574748733714,0
2017-11-30,1,EGGS,44.66916499511687,0
2017-12-01,1,EGGS,47.709482767398725,0
2017-12-02,1,EGGS,47.80173092905798,0
2017-12-03,1,EGGS,29.912698141292864,0
2017-12-04,1,EGGS,53.20423917425059,0
2017-12-05,1,EGGS,44.07790940929535,0
2017-12-06,1,EGGS,46.59832873247696,0
2017-12-07,1,EGGS,42.50308338409136,0
2017-12-08,1,EGGS,39.35074613092217,0
2017-12-09,1,EGGS,41.86007361005105,0
2017-12-10,1,EGGS,24.93945417825788,0
2017-12-11,1,EGGS,43.24949176676511,0
2017-12-12,1,EGGS,39.86529966539754,0
2017-12-13,1,EGGS,44.025374853297336,0
2017-12-14,1,EGGS,37.811622502861255,0
2017-12-15,1,EGGS,39.74836403616393,0
2017-12-16,1,EGGS,39.77728720406202,0
2017-12-17,1,EGGS,25.73348150989628,0
2017-12-18,1,EGGS,44.84414349210271,0
2017-12-19,1,EGGS,42.331857104167945,0
2017-12-20,1,EGGS,47.32734902470862,0
2017-12-21,1,EGGS,39.07415498753281,0
2017-12-22,1,EGGS,38.321684429432125,0
2017-12-23,1,EGGS,36.735038321285934,0
2017-12-24,1,EGGS,23.0028240653056,0
2017-12-25,1,EGGS,33.65184275806256,0
2017-12-26,1,EGGS,31.36077512977401,0
2017-12-27,1,EGGS,35.236631319592284,0
2017-12-28,1,EGGS,28.521892589059146,0
2017-12-29,1,EGGS,29.93904773681707,0
2017-12-30,1,EGGS,26.069142092452072,0
2017-12-31,1,EGGS,13.761123277257006,0
2018-01-01,1,EGGS,4.284289326934559,0
2018-01-02,1,EGGS,24.07976011027801,0
2018-01-03,1,EGGS,33.177118492624224,0
2018-01-04,1,EGGS,23.92974188622474,0
2018-01-05,1,EGGS,22.351868050725678,0
2018-01-06,1,EGGS,22.345565891530665,0
2018-01-07,1,EGGS,12.170737762279284,0
2018-01-08,1,EGGS,24.651513114621626,0
2018-01-09,1,EGGS,24.750844169426184,0
2018-01-10,1,EGGS,25.96516194534739,0
2018-01-11,1,EGGS,21.96201794147307,0
2018-01-12,1,EGGS,22.27148658344304,0
2018-01-13,1,EGGS,24.45589767996518,0
2018-01-14,1,EGGS,13.211545253742068,0
2018-01-15,1,EGGS,25.315099758115906,0
2018-01-16,1,EGGS,24.184655096910166,0
2018-01-17,1,EGGS,26.695286663523373,0
2018-01-18,1,EGGS,21.826115331957066,0
2018-01-19,1,EGGS,22.78773841572031,0
2018-01-20,1,EGGS,25.011513146009705,0
2018-01-21,1,EGGS,13.099140963874431,0
2018-01-22,1,EGGS,23.960644964079318,0
2018-01-23,1,EGGS,23.18944319970992,0
2018-01-24,1,EGGS,25.968819325697694,0
2018-01-25,1,EGGS,21.458250541517632,0
2018-01-26,1,EGGS,22.32721203466515,0
2018-01-27,1,EGGS,23.82965388555215,0
2018-01-28,1,EGGS,12.693901653932988,0
2018-01-29,1,EGGS,24.006901533989495,0
2018-01-30,1,EGGS,23.781964220774093,0
2018-01-31,1,EGGS,26.38854782176719,0
2018-02-01,1,EGGS,22.5048443663529,0
2018-02-02,1,EGGS,26.18560676931302,0
2018-02-03,1,EGGS,22.9319027821213,0
2018-02-04,1,EGGS,12.30129950031864,0
2018-02-05,1,EGGS,24.820980375816376,0
2018-02-06,1,EGGS,23.261704587565024,0
2018-02-07,1,EGGS,26.9452671812665,0
2018-02-08,1,EGGS,22.59247251665204,0
2018-02-09,1,EGGS,23.059266882878457,0
2018-02-10,1,EGGS,22.99167350227504,0
2018-02-11,1,EGGS,11.50264967173681,0
2018-02-12,1,EGGS,24.9237881082043,0
2018-02-13,1,EGGS,23.885897682027792,0
2018-02-14,1,EGGS,28.213438906232156,0
2018-02-15,1,EGGS,22.981468289730323,0
2018-02-16,1,EGGS,24.210453025087816,0
2018-02-17,1,EGGS,24.912290596714726,0
2018-02-18,1,EGGS,12.833838755111477,0
2018-02-19,1,EGGS,26.1384765867982,0
2018-02-20,1,EGGS,24.863239669405864,0
2018-02-21,1,EGGS,26.713987576508487,0
2018-02-22,1,EGGS,23.138652909048787,0
2018-02-23,1,EGGS,23.958515197145626,0
2018-02-24,1,EGGS,24.96322594593028,0
2018-02-25,1,EGGS,13.235346604345365,0
2018-02-26,1,EGGS,24.28318302990884,0
2018-02-27,1,EGGS,23.631790760996488,0
2018-02-28,1,EGGS,26.816323737707506,0
2018-03-01,1,EGGS,24.84770108481357,0
2018-03-02,1,EGGS,28.002133415564195,0
2018-03-03,1,EGGS,27.69745542574594,0
2018-03-04,1,EGGS,14.921874486295215,0
2018-03-05,1,EGGS,27.913571295151637,0
2018-03-06,1,EGGS,25.342471001331994,0
2018-03-07,1,EGGS,28.534665146491296,0
2018-03-08,1,EGGS,24.350821453738124,0
2018-03-09,1,EGGS,25.147141281038063,0
2018-03-10,1,EGGS,25.440456247722338,0
2018-03-11,1,EGGS,13.485974936334436,0
2018-03-12,1,EGGS,25.683356641546542,0
2018-03-13,1,EGGS,23.788742561770725,0
2018-03-14,1,EGGS,27.492768081715163,0
2018-03-15,1,EGGS,23.962671956079554,0
2018-03-16,1,EGGS,25.605116208813083,0
2018-03-17,1,EGGS,26.243030050323146,0
2018-03-18,1,EGGS,14.046180927415264,0
2018-03-19,1,EGGS,26.469957491197988,0
2018-03-20,1,EGGS,25.294115338180923,0
2018-03-21,1,EGGS,28.11015322159447,0
2018-03-22,1,EGGS,23.29345115462206,0
2018-03-23,1,EGGS,24.19308411986143,0
2018-03-24,1,EGGS,24.954689377561063,0
2018-03-25,1,EGGS,13.354022921219277,0
2018-03-26,1,EGGS,24.80784946200756,0
2018-03-27,1,EGGS,23.494648341774564,0
2018-03-28,1,EGGS,26.240897553202288,0
2018-03-29,1,EGGS,23.084922379380252,0
2018-03-30,1,EGGS,22.954168013193737,0
2018-03-31,1,EGGS,23.53729690893277,0
2018-04-01,1,EGGS,14.099157742717345,0
2018-04-02,1,EGGS,26.011630186952804,0
2018-04-03,1,EGGS,23.13212734650602,0
2018-04-04,1,EGGS,26.82734044577238,0
2018-04-05,1,EGGS,21.804454013867726,0
2018-04-06,1,EGGS,22.423069913282703,0
2018-04-07,1,EGGS,23.135568140044096,0
2018-04-08,1,EGGS,11.945979739603587,0
2018-04-09,1,EGGS,23.27762102075232,0
2018-04-10,1,EGGS,22.379234642622553,0
2018-04-11,1,EGGS,24.810506129330157,0
2018-04-12,1,EGGS,22.35380318638409,0
2018-04-13,1,EGGS,22.665839792161375,0
2018-04-14,1,EGGS,23.722490247565208,0
2018-04-15,1,EGGS,11.84584338584574,0
2018-04-16,1,EGGS,26.29661369790262,0
2018-04-17,1,EGGS,23.876155114562508,0
2018-04-18,1,EGGS,27.933182942225688,0
2018-04-19,1,EGGS,21.96906741798149,0
2018-04-20,1,EGGS,23.150590218577456,0
2018-04-21,1,EGGS,23.553649068723193,0
2018-04-22,1,EGGS,11.848707814087922,0
2018-04-23,1,EGGS,24.160660679394123,0
2018-04-24,1,EGGS,23.27585240548114,0
2018-04-25,1,EGGS,26.442201050183474,0
2018-04-26,1,EGGS,22.12729698098436,0
2018-04-27,1,EGGS,22.609204778504417,0
2018-04-28,1,EGGS,22.817862682725167,0
2018-04-29,1,EGGS,11.732269281891814,0
2018-04-30,1,EGGS,25.8367448048758,0
2018-05-01,1,EGGS,22.57250164211605,0
2018-05-02,1,EGGS,27.208458447729143,0
2018-05-03,1,EGGS,21.736919242698416,0
2018-05-04,1,EGGS,22.986779668578933,0
2018-05-05,1,EGGS,23.341453441668577,0
2018-05-06,1,EGGS,11.290056767429157,0
2018-05-07,1,EGGS,22.658861570080475,0
2018-05-08,1,EGGS,21.791744930617416,0
2018-05-09,1,EGGS,24.572761145199546,0
2018-05-10,1,EGGS,20.717321398327613,0
2018-05-11,1,EGGS,21.477764669829085,0
2018-05-12,1,EGGS,21.7236441294833,0
2018-05-13,1,EGGS,10.465596705268664,0
2018-05-14,1,EGGS,22.089983182650343,0
2018-05-15,1,EGGS,21.089445649885956,0
2018-05-16,1,EGGS,25.962547295517798,0
2018-05-17,1,EGGS,21.119310836011955,0
2018-05-18,1,EGGS,21.610503985706245,0
2018-05-19,1,EGGS,22.536143033561558,0
2018-05-20,1,EGGS,10.975424207149166,0
2018-05-21,1,EGGS,23.21550221037466,0
2018-05-22,1,EGGS,21.391214038570165,0
2018-05-23,1,EGGS,23.693280917574512,0
2018-05-24,1,EGGS,20.740133538764503,0
2018-05-25,1,EGGS,21.364491628816687,0
2018-05-26,1,EGGS,20.449612631519532,0
2018-05-27,1,EGGS,10.263558369568798,0
2018-05-28,1,EGGS,21.740200737599796,0
2018-05-29,1,EGGS,20.750027230204214,0
2018-05-30,1,EGGS,23.73878659661194,0
2018-05-31,1,EGGS,20.559778799715726,0
2018-06-01,1,EGGS,19.87649662981817,0
2018-06-02,1,EGGS,22.66890061269557,0
2018-06-03,1,EGGS,11.523790996614396,0
2018-06-04,1,EGGS,22.518295480217226,0
2018-06-05,1,EGGS,19.977535664841174,0
2018-06-06,1,EGGS,24.60123249404788,0
2018-06-07,1,EGGS,19.29628182789896,0
2018-06-08,1,EGGS,20.23283241718969,0
2018-06-09,1,EGGS,20.9126256227391,0
2018-06-10,1,EGGS,10.137720537829225,0
2018-06-11,1,EGGS,20.67952458920348,0
2018-06-12,1,EGGS,19.964689282793994,0
2018-06-13,1,EGGS,23.392156124191484,0
2018-06-14,1,EGGS,18.935169836635392,0
2018-06-15,1,EGGS,20.057396817551176,0
2018-06-16,1,EGGS,21.222104372616137,0
2018-06-17,1,EGGS,9.962336566442836,0
2018-06-18,1,EGGS,21.2807316913606,0
2018-06-19,1,EGGS,19.625781773520142,0
2018-06-20,1,EGGS,23.882746891227033,0
2018-06-21,1,EGGS,19.718298597420148,0
2018-06-22,1,EGGS,20.5417549330381,0
2018-06-23,1,EGGS,20.19780604897904,0
2018-06-24,1,EGGS,9.725873186632155,0
2018-06-25,1,EGGS,20.541823891624315,0
2018-06-26,1,EGGS,19.50915939688609,0
2018-06-27,1,EGGS,23.13942829950054,0
2018-06-28,1,EGGS,18.37686040902598,0
2018-06-29,1,EGGS,19.440858060530655,0
2018-06-30,1,EGGS,22.05025272659773,0
2018-07-01,1,EGGS,10.676913054527931,0
2018-07-02,1,EGGS,22.459659823778527,0
2018-07-03,1,EGGS,20.878589834543682,0
2018-07-04,1,EGGS,24.380292322511696,0
2018-07-05,1,EGGS,19.650432040889864,0
2018-07-06,1,EGGS,20.19302414244356,0
2018-07-07,1,EGGS,20.033794209434472,0
2018-07-08,1,EGGS,9.673700420013393,0
2018-07-09,1,EGGS,20.451821924845483,0
2018-07-10,1,EGGS,18.92536077396316,0
2018-07-11,1,EGGS,22.31882759508775,0
2018-07-12,1,EGGS,18.861104074989782,0
2018-07-13,1,EGGS,19.388570288035794,0
2018-07-14,1,EGGS,18.662668352566243,0
2018-07-15,1,EGGS,9.406024227625199,0
2018-07-16,1,EGGS,21.479222394248804,0
2018-07-17,1,EGGS,20.034479216378596,0
2018-07-18,1,EGGS,23.237823384496814,0
2018-07-19,1,EGGS,19.050514228347936,0
2018-07-20,1,EGGS,19.605511202612846,0
2018-07-21,1,EGGS,19.14044362761382,0
2018-07-22,1,EGGS,9.628202782861607,0
2018-07-23,1,EGGS,21.235485042143956,0
2018-07-24,1,EGGS,19.680816594556045,0
2018-07-25,1,EGGS,22.497062432399687,0
2018-07-26,1,EGGS,18.56527840409507,0
2018-07-27,1,EGGS,19.07096800242595,0
2018-07-28,1,EGGS,18.994255328200715,0
2018-07-29,1,EGGS,9.205161113521045,0
2018-07-30,1,EGGS,20.545112820429452,0
2018-07-31,1,EGGS,20.96011961425073,0
2018-08-01,1,EGGS,24.35082304856498,0
2018-08-02,1,EGGS,20.20553684189554,0
2018-08-03,1,EGGS,18.458311176043686,0
2018-08-04,1,EGGS,19.350387317872364,0
2018-08-05,1,EGGS,9.62404537749896,0
2018-08-06,1,EGGS,20.883979512410594,0
2018-08-07,1,EGGS,18.96301201211674,0
2018-08-08,1,EGGS,22.479969556463818,0
2018-08-09,1,EGGS,18.947258176510978,0
2018-08-10,1,EGGS,19.113645093410454,0
2018-08-11,1,EGGS,18.503085998265327,0
2018-08-12,1,EGGS,8.993691046042569,0
2018-08-13,1,EGGS,20.642286514073092,0
2018-08-14,1,EGGS,19.16519003810204,0
2018-08-15,1,EGGS,24.12219850724565,0
2018-08-16,1,EGGS,20.310288200494163,0
2018-08-17,1,EGGS,20.16814127312665,0
2018-08-18,1,EGGS,19.578680147858435,0
2018-08-19,1,EGGS,9.751245726117622,0
2018-08-20,1,EGGS,22.013921717211858,0
2018-08-21,1,EGGS,21.443739514062862,0
2018-08-22,1,EGGS,23.817431540388068,0
2018-08-23,1,EGGS,20.26619404250086,0
2018-08-24,1,EGGS,20.66198038732563,0
2018-08-25,1,EGGS,20.111977318228828,0
2018-08-26,1,EGGS,10.334521531158103,0
2018-08-27,1,EGGS,22.74973553233551,0
2018-08-28,1,EGGS,21.13195009420981,0
2018-08-29,1,EGGS,23.17162269238095,0
2018-08-30,1,EGGS,20.496485405959493,0
2018-08-31,1,EGGS,21.528113708824748,0
2018-09-01,1,EGGS,23.71815600903141,0
2018-09-02,1,EGGS,11.859149737516013,0
2018-09-03,1,EGGS,25.348951260729038,0
2018-09-04,1,EGGS,22.65524095194124,0
2018-09-05,1,EGGS,26.25650944086593,0
2018-09-06,1,EGGS,21.301911916091715,0
2018-09-07,1,EGGS,21.58632515943784,0
2018-09-08,1,EGGS,22.468824873284042,0
2018-09-09,1,EGGS,11.248524496964917,0
2018-09-10,1,EGGS,22.322520303223154,0
2018-09-11,1,EGGS,21.043434573322493,0
2018-09-12,1,EGGS,23.412806418903035,0
2018-09-13,1,EGGS,20.35795902308252,0
2018-09-14,1,EGGS,20.30991254862224,0
2018-09-15,1,EGGS,21.974681664686116,0
2018-09-16,1,EGGS,11.654211938123517,0
2018-09-17,1,EGGS,23.474498767582123,0
2018-09-18,1,EGGS,21.151628581542877,0
2018-09-19,1,EGGS,24.67390801071299,0
2018-09-20,1,EGGS,20.49854298077171,0
2018-09-21,1,EGGS,20.8026846896869,0
2018-09-22,1,EGGS,22.08943935759869,0
2018-09-23,1,EGGS,11.327629983929752,0
2018-09-24,1,EGGS,22.71954155569245,0
2018-09-25,1,EGGS,21.732797022025053,0
2018-09-26,1,EGGS,23.990903413719593,0
2018-09-27,1,EGGS,19.907216692003644,0
2018-09-28,1,EGGS,20.515172459840255,0
2018-09-29,1,EGGS,21.002982761035298,0
2018-09-30,1,EGGS,11.186998055444914,0
2018-10-01,1,EGGS,26.395480891546914,0
2018-10-02,1,EGGS,23.520617932852755,0
2018-10-03,1,EGGS,27.17261896812309,0
2018-10-04,1,EGGS,21.86042199864519,0
2018-10-05,1,EGGS,22.526365118900234,0
2018-10-06,1,EGGS,22.55264041277488,0
2018-10-07,1,EGGS,11.740853424088254,0
2018-10-08,1,EGGS,23.217751228515976,0
2018-10-09,1,EGGS,22.101616580592175,0
2018-10-10,1,EGGS,24.261837427302673,0
2018-10-11,1,EGGS,20.180823334027615,0
2018-10-12,1,EGGS,20.979019084625296,0
2018-10-13,1,EGGS,21.413951220764638,0
2018-10-14,1,EGGS,10.874116883511025,0
2018-10-15,1,EGGS,23.356731794802347,0
2018-10-16,1,EGGS,21.85919829894404,0
2018-10-17,1,EGGS,24.876868421789467,0
2018-10-18,1,EGGS,20.469945656397616,0
2018-10-19,1,EGGS,21.1250997076097,0
2018-10-20,1,EGGS,21.98095529752297,0
2018-10-21,1,EGGS,11.177447892380956,0
2018-10-22,1,EGGS,22.584783742243314,0
2018-10-23,1,EGGS,21.580097314303426,0
2018-10-24,1,EGGS,24.135644344629775,0
2018-10-25,1,EGGS,19.93658719787934,0
2018-10-26,1,EGGS,19.790168028285027,0
2018-10-27,1,EGGS,20.248929787739634,0
2018-10-28,1,EGGS,10.83574073355625,0
2018-10-29,1,EGGS,22.085140099385082,0
2018-10-30,1,EGGS,21.116271910120705,0
